Date,Rot,VH,Team,1st,2nd,Final,Open,Close,ML,2H
1107,601,V,Pacific,32,46,78,139.5,140.5,850,75
1107,602,H,Stanford,44,44,88,17.5,15,-1500,5.5
1107,603,V,LaSalle,23,45,68,139.5,137,900,70.5
1107,604,H,Villanova,37,44,81,19.5,15,-1600,5.5
1107,605,V,IPFW,28,28,56,147.5,150,1000,79.5
1107,606,H,Michigan,40,35,75,16.5,16,-2000,6.5
1107,607,V,NorthernArizona,20,35,55,142.5,144,1500,74.5
1107,608,H,MichiganState,34,39,73,20.5,21,-5000,9
1107,609,V,RobertMorris,28,25,53,141.5,140.5,1300,73
1107,610,H,OhioState,42,49,91,22.5,20,-3500,9
1107,611,V,Evansville,36,42,78,139.5,133.5,195,72.5
1107,612,H,MiamiOhio,32,42,74,7,4.5,-230,5
1107,613,V,Manhattan,30,26,56,137.5,133.5,1600,72.5
1107,614,H,VaCommonwealth,48,25,73,12,22.5,-6000,9
1107,615,V,Pennsylvania,21,29,50,146.5,148,220,76
1107,616,H,Iona,34,44,78,7,5.5,-260,0.5
1107,617,V,Columbia,21,14,35,139.5,138.5,1500,71.5
1107,618,H,Rutgers,31,44,75,23.5,19,-5000,8
1107,619,V,VMI,21,27,48,147.5,142.5,1600,73
1107,620,H,Richmond,28,41,69,14.5,22.5,-6000,11
1107,621,V,TheCitadel,31,38,69,143.5,137.5,1100,74.5
1107,622,H,Clemson,45,35,80,16.5,18.5,-2500,7.5
1107,623,V,TennesseeTech,16,27,43,140.5,142.5,2000,69.5
1107,624,H,Tennessee,27,48,75,31.5,35.5,-8000,17
1107,625,V,SouthDakotaState,41,29,80,146.5,146,150,76.5
1107,626,H,Akron,35,35,81,4.5,4,-170,3.5
1107,627,V,WesternCarolina,22,33,55,147.5,142,800,74
1107,628,H,Georgia,37,31,68,13.5,13.5,-1400,3.5
1107,629,V,AirForce,29,29,58,141.5,135.5,140,72
1107,630,H,BowlingGreen,35,27,62,1.5,3.5,-160,0.5
1107,631,V,Valparaiso,26,44,70,144.5,143,750,79
1107,632,H,Toledo,52,33,85,11.5,13,-1200,2.5
1107,633,V,TennMartin,24,34,58,139.5,140,400,73.5
1107,634,H,Pittsburgh,37,43,80,16.5,8.5,-500,1.5
1107,635,V,Quinnipiac,34,33,67,140.5,138.5,360,74
1107,636,H,RhodeIsland,31,31,62,7.5,8.5,-430,5.5
1107,637,V,Niagara,27,22,49,136.5,137,1000,69.5
1107,638,H,Maryland,34,37,71,15.5,16.5,-2000,8.5
1107,639,V,MoreheadState,29,24,53,134,139.5,1500,74
1107,640,H,IndianaU,41,47,88,20.5,24.5,-5000,11.5
1107,641,V,TarletonSt,29,30,59,133.5,130,850,71
1107,642,H,ArizonaState,32,30,62,14.5,14,-1500,7
1107,643,V,Lindenwood,21,25,46,141.5,137.5,2200,72
1107,644,H,Dayton,35,38,73,30.5,31,-20000,14.5
1107,645,V,IdahoU,30,33,63,147.5,147,400,78
1107,646,H,DenverU,35,33,68,10.5,9.5,-500,4.5
1107,647,V,WiscGreenBay,31,22,53,139.5,141,1100,74
1107,648,H,IndianaState,34,46,80,16.5,17.5,-2500,9
1107,649,V,KentState,35,44,79,141.5,137.5,100,73
1107,650,H,NorthernKentucky,29,28,57,1,1,-120,1.5
1107,651,V,Hofstra,38,45,83,151.5,152,115,80.5
1107,652,H,Princeton,42,35,77,4,2,-135,0.5
1107,653,V,Dartmouth,38,36,74,128.5,126,230,69.5
1107,654,H,Fordham,43,45,88,4,6,-270,2.5
1107,655,V,Chattanooga,31,47,78,152.5,157.5,170,1
1107,656,H,CollCharleston,42,43,85,1,4.5,-190,83
1107,657,V,TexasState,31,30,61,132.5,133,650,69.5
1107,658,H,WashingtonState,38,45,83,11.5,12,-1000,5
1107,659,V,YoungstownState,58,34,92,145.5,3.5,-165,80
1107,660,H,Canisius,35,46,81,pk,144.5,145,3.5
1107,661,V,Ohio,34,35,69,147.5,145.5,240,77.5
1107,662,H,Belmont,41,29,70,7.5,6.5,-280,1.5
1107,663,V,WesternIllinois,33,38,71,148.5,148.5,375,78.5
1107,664,H,IllinoisState,40,28,68,7.5,9,-450,4
1107,665,V,MemphisU,34,42,76,142.5,2.5,-140,71.5
1107,666,H,Vanderbilt,22,45,67,pk,139.5,120,1.5
1107,667,V,Fairfield,25,34,59,138.5,142.5,600,73.5
1107,668,H,WakeForest,32,39,71,12.5,13,-900,5.5
1107,669,V,NebraskaOmaha,33,31,64,148.5,149,2000,78
1107,670,H,Kansas,46,43,89,31.5,34,-8000,16.5
1107,671,V,GeorgeMason,24,28,52,143.5,140.5,475,74
1107,672,H,Auburn,31,39,70,13.5,10,-650,4.5
1107,673,V,SEMissouriSt,30,34,64,139.5,143.5,500,72.5
1107,674,H,SouthFlorida,30,31,61,9.5,11,-700,6.5
1107,675,V,IUPUI,22,17,39,126.5,131,1400,71.5
1107,676,H,IowaState,45,43,88,30.5,26.5,-3500,11.5
1107,677,V,ULMonroe,31,23,54,136,137,1500,74
1107,678,H,TexasA&M,45,42,87,18.5,20.5,-5000,8
1107,679,V,Cornell,41,36,77,144.5,143,400,81
1107,680,H,BostonCollege,43,36,79,12.5,9,-500,5
1107,681,V,ArkansasLR,27,36,63,132.5,134,950,69.5
1107,682,H,SoIllinois,54,40,94,15.5,14.5,-1800,2.5
1107,683,V,ChicagoSt,21,33,54,139,140.5,1800,72.5
1107,684,H,Northwestern,37,48,85,26,23.5,-8000,9.5
1107,685,V,No.Colorado,13,23,36,144,138.5,1800,69.5
1107,686,H,HoustonU,32,51,83,21,23.5,-8000,9
1107,687,V,NorthDakotaState,26,32,58,142,142,1500,74
1107,688,H,Arkansas,34,42,76,20.5,23,-5000,10.5
1107,689,V,SamHoustonSt,19,33,52,133.5,134.5,1000,69
1107,690,H,Oklahoma,26,25,51,15.5,16,-2000,7.5
1107,691,V,SouthernIndiana,31,60,91,141,140.5,1200,76.5
1107,692,H,Missouri,47,50,97,20.5,19.5,-3000,7.5
1107,693,V,StonyBrook,22,23,45,144,143.5,1500,75.5
1107,694,H,Florida,38,43,81,20.5,26.5,-4000,12
1107,695,V,SouthDakota,28,31,59,142.5,138,600,71
1107,696,H,Wisconsin,38,47,85,14,12,-850,4.5
1107,697,V,StThomas,35,25,60,148.5,149,1700,79
1107,698,H,Creighton,40,32,72,24.5,28.5,-5000,13.5
1107,699,V,CalRiverside,28,38,66,136,136,525,73
1107,700,H,Colorado,46,36,82,14.5,11,-750,2.5
1107,701,V,UTEP,20,37,57,130.5,130,1500,68.5
1107,702,H,Texas,33,39,72,21.5,21.5,-5000,9.5
1107,703,V,WesternMichigan,26,34,60,140,135.5,375,70.5
1107,704,H,Minnesota,35,26,61,16.5,9.5,-450,3
1107,705,V,MurrayState,29,39,68,145,151.5,700,79.5
1107,706,H,SaintLouis,44,47,91,9.5,13.5,-1100,4.5
1107,707,V,UtahValley,28,30,58,138.5,135.5,375,73
1107,708,H,UtahState,41,34,75,9,9,-450,2
1107,709,V,SouthernUtah,33,48,81,155.5,155,270,81.5
1107,710,H,NewMexico,39,50,89,4.5,8,-330,3
1107,711,V,IdahoState,22,34,56,136.5,142.5,1600,72
1107,712,H,BYU,27,33,60,24.5,24,-6000,11.5
1107,713,V,MontanaState,36,18,54,140,140.5,240,71
1107,714,H,GrandCanyon,19,41,60,8,6.5,-280,6.5
1107,715,V,UTRioGrandeValley,26,33,59,144.5,148.5,1200,80
1107,716,H,KansasState,52,41,93,20,18.5,-3000,5.5
1107,717,V,EasternIllinois,31,26,57,134,134.5,2000,73
1107,718,H,Illinois,46,41,87,29.5,31,-15000,15
1107,719,V,NCWilmington,21,35,56,146.5,151,1500,76
1107,720,H,NorthCarolina,32,37,69,22.5,22.5,-5000,10.5
1107,721,V,UTArlington,22,44,66,136.5,134,1400,69.5
1107,722,H,OklahomaState,27,50,77,20.5,20.5,-4000,10
1107,723,V,LongBeachState,38,41,79,147.5,147.5,145,78
1107,724,H,CaliforniaBaptist,31,33,64,2.5,3.5,-165,3
1107,725,V,Rice,38,29,67,152,151,175,82
1107,726,H,Pepperdine,46,60,106,3,4.5,-200,0.5
1107,727,V,CSFullerton,25,32,57,133,136.5,1600,71.5
1107,728,H,SanDiegoState,32,48,80,18.5,23.5,-6000,11
1107,729,V,OralRoberts,29,41,70,144.5,142,375,75.5
1107,730,H,SaintMarysCA,47,31,78,11,9.5,-450,0.5
1107,731,V,E.Washington,34,38,72,151,155,240,82
1107,732,H,SantaClara,40,44,84,8,6.5,-280,2
1107,733,V,UtahTech,39,32,71,150.5,151,525,80
1107,734,H,Nevada,44,40,84,12,12,-750,6
1107,735,V,SeattleU,42,43,85,3,3,-155,1
1107,736,H,UCSanDiego,29,42,71,148,142.5,135,76
1107,737,V,WeberState,23,29,52,143.5,140.5,650,72.5
1107,738,H,WashingtonU,31,38,69,10.5,13.5,-1000,6.5
1107,739,V,UCDavis,41,34,75,130.5,127,220,69.5
1107,740,H,California,36,29,65,6.5,6,-260,4
1107,741,V,SacramentoState,25,25,50,134.5,135,1600,72
1107,742,H,UCLA,39,37,76,23.5,25.5,-6000,11.5
1107,743,V,Tulsa,44,26,70,142.5,142.5,135,77
1107,744,H,OregonState,28,45,73,pk,3,-155,6
1107,306501,V,MissValleySt,21,32,53,143.5,143.5,NL,75.5
1107,306502,H,Baylor,61,56,117,38.5,44.5,NL,17.5
1107,306503,V,CoppinState,32,27,59,140.5,141,475,75.5
1107,306504,H,CharlotteU,45,37,82,10.5,10.5,-650,3.5
1107,306505,V,NewOrleansU,21,32,53,148.5,141.5,1400,75.5
1107,306506,H,Butler,46,43,89,15.5,18.5,-4000,4.5
1107,306507,V,Howard,26,37,63,144.5,148.5,2500,78
1107,306508,H,Kentucky,49,46,95,28.5,24.5,-12500,9.5
1107,306509,V,Merrimack,30,42,72,139.5,139.5,1500,75.5
1107,306510,H,St.Johns,51,46,97,21.5,21,-5000,7.5
1107,306511,V,MDEasternShore,33,32,65,130.5,128,525,69.5
1107,306512,H,OldDominion,40,44,84,11.5,11,-750,5
1107,306513,V,St.FrancisPA,32,26,58,141.5,138.5,600,73.5
1107,306514,H,St.Bonaventure,32,39,71,13.5,11,-900,6.5
1107,306515,V,Navy,39,35,74,2.5,2.5,-145,1.5
1107,306516,H,William&Mary,37,22,59,135.5,133.5,125,72
1107,306517,V,BethuneCookman,35,23,58,151.5,151.5,NL,80
1107,306518,H,Iowa,54,35,89,26.5,28.5,NL,11
1107,306519,V,Wagner,28,41,76,138.5,132,1100,70
1107,306520,H,Temple,31,38,73,15.5,16,-2500,8.5
1107,306521,V,AlbanyNY,28,34,62,135.5,132,1200,70
1107,306522,H,Towson,38,29,67,15.5,16.5,-3000,6.5
1107,306523,V,Brown,28,37,65,140.5,140,550,74
1107,306524,H,Vermont,37,43,80,12.5,13,-800,5.5
1107,306525,V,MountStMarys,18,40,58,134.5,130,1200,66.5
1107,306526,H,WestVirginia,30,46,76,16,17,-3000,7.5
1107,306527,V,Jacksonville,26,18,44,140.5,137,1000,73.5
1107,306528,H,Duke,42,29,71,18.5,15,-2000,4.5
1107,306529,V,Stetson,44,39,83,142.5,141,1400,76
1107,306530,H,FloridaState,37,37,74,16.5,18,-4000,9.5
1107,306531,V,Siena,37,38,75,1.5,1,-120,71.5
1107,306532,H,HolyCross,26,42,68,136,134.5,100,1.5
1107,306533,V,Winthrop,32,36,68,139.5,142,700,76
1107,306534,H,PennState,44,49,93,13,13.5,-1100,5
1107,306535,V,Colgate,41,46,87,2,3,-150,0.5
1107,306536,H,Buffalo,38,50,88,151,153.5,130,81.5
1107,306537,V,Marshall,36,46,82,1.5,4.5,-210,4
1107,306538,H,QueensNC,41,42,83,159.5,167.5,180,88
1107,306539,V,NJIT,20,39,59,130.5,129,320,1.5
1107,306540,H,St.Peter's,41,32,73,9.5,8,-380,68.5
1107,306541,V,HoustonBaptist,41,25,66,149.5,158,650,83
1107,306542,H,FloridaIntl,32,45,77,10.5,13.5,-1000,8
1107,306543,V,CentralConn,33,34,67,143.5,143,1200,76.5
1107,306544,H,Massachusetts,41,53,94,15,17,-3000,7.5
1107,306545,V,TexasA&MCorpus,30,14,44,141,141,950,74
1107,306546,H,MississippiSt,25,38,63,16,15,-1800,9.5
1107,306547,V,Northeastern,32,31,63,135.5,134.5,110,0.5
1107,306548,H,BostonU,37,35,72,1.5,2,-130,72.5
1107,306549,V,Lafayette,30,24,54,143.5,143,2000,73.5
1107,306550,H,MiamiFlorida,28,39,67,26.5,26.5,-8000,15.5
1107,306551,V,MorganState,26,47,73,148,146,1600,77
1107,306552,H,Xavier,50,46,96,23.5,23.5,-6000,7.5
1107,306553,V,Stonehill,19,35,54,138.5,142,2000,74.5
1107,306554,H,Connecticut,38,47,85,30.5,30.5,-8000,14
1107,306555,V,AlabamaState,34,36,70,147.5,149.5,1800,73
1107,306556,H,UAB,53,58,111,20.5,26,-6000,9.5
1107,306557,V,LoyolaMaryland,25,41,66,138,141.5,750,73.5
1107,306558,H,Depaul,38,34,72,13.5,13.5,-1200,5.5
1107,306559,V,FairDickinson,39,38,82,139.5,144.5,NL,76.5
1107,306560,H,LoyolaChicago,41,36,88,27,24.5,NL,12
1107,306561,V,Maine,28,38,66,145.5,145,1500,76.5
1107,306562,H,Nebraska,40,39,79,21,21,-5000,9.5
1107,306563,V,NCAsheville,36,40,98,141,141,320,74.5
1107,306564,H,CentralFlorida,33,43,95,11,7.5,-380,4.5
1107,306565,V,JacksonState,25,31,56,139.5,141.5,1000,75
1107,306566,H,AbileneChristian,45,20,65,15.5,16.5,-2000,4.5
1107,306567,V,ArkPineBluff,46,26,72,142.5,143.5,NL,77
1107,306568,H,TCU,35,38,73,35.5,35,NL,18.5
1107,306569,V,Lehigh,26,46,72,146.5,143,1200,75.5
1107,306570,H,Syracuse,44,46,90,20.5,17,-3000,4.5
1107,306571,V,AustinPeay,21,29,50,143.5,147.5,700,3.5
1107,306572,H,NCState,49,50,99,12.5,13,-1100,77.5
1107,306573,V,CentralArkansas,21,34,55,148.5,146,1200,76.5
1107,306574,H,WichitaState,41,38,79,17.5,17.5,-3000,5.5
1107,306575,V,Longwood,26,28,54,149,148,800,78
1107,306576,H,Alabama,34,41,75,16.5,14.5,-1400,6.5
1107,306577,V,Radford,34,35,69,137,138.5,1400,74
1107,306578,H,Marquette,42,37,79,18.5,19,-4000,8.5
1107,306579,V,NorthDakota,28,37,65,1.5,2.5,-150,2
1107,306580,H,IncarnateWord,28,29,57,141.5,142,130,73.5
1107,306581,V,MDBaltimoreCo,32,35,67,146,146.5,1000,78
1107,306582,H,Tulane,45,44,89,18,15.5,-2000,6.5
1107,306583,V,TexA&MCommerce,27,33,60,143.5,141,1200,72.5
1107,306584,H,SMU,31,46,77,16.5,16.5,-3000,8.5
1107,306585,V,AlcornState,27,31,58,136.5,135,1600,69.5
1107,306586,H,Mississippi,28,45,73,22.5,20.5,-6000,9.5
1107,306587,V,DelawareState,31,26,57,136,137,NL,74.5
1107,306588,H,VirginiaTech,56,39,95,36.5,34,NL,14.5
1107,306589,V,GardnerWebb,36,27,63,138.5,137.5,330,71.5
1107,306590,H,ColoradoState,25,40,65,10.5,7.5,-400,6
1107,306591,V,NorthwesternSt,23,26,49,141.5,141.5,NL,74
1107,306592,H,TexasTech,42,31,73,30.5,28,NL,11.5
1107,306593,V,NCCentral,30,31,61,127.5,127.5,2000,69
1107,306594,H,Virginia,38,35,73,26.5,24.5,-7000,12
1107,306595,V,NorthFlorida,23,40,63,158.5,160.5,NL,84.5
1107,306596,H,Gonzaga,53,51,104,28,30.5,NL,11.5
1107,306597,V,NichollsState,37,38,75,152.5,159.5,1400,85.5
1107,306598,H,Arizona,59,58,117,25.5,25,-3500,9.5
1107,306599,V,FlaGulfCoast,29,45,74,145,145.5,1400,73.5
1107,306600,H,USC,30,31,61,21.5,18.5,-4000,10.5
1107,306601,V,FloridaA&M,25,20,45,137.5,136,NL,71
1107,306602,H,Oregon,36,44,80,30.5,30.5,NL,14
1107,306603,V,TexasSouthern,35,42,77,144.5,143.5,900,78.5
1107,306604,H,SanFrancisco,50,40,90,15.5,15,-1600,4.5
1107,306605,V,Southern,25,31,56,136.5,135,800,69.5
1107,306606,H,UNLV,33,33,66,12.5,14,-1400,6.5
1107,306607,V,LongIsland,28,20,48,145.5,143.5,1500,76.5
1107,306608,H,UtahU,42,47,89,21.5,25,-5000,11.5
1108,751,V,WiscMilwaukee,20,33,53,141,144.5,1800,75
1108,752,H,Purdue,39,45,84,27,25,-6000,10.5
1108,753,V,Rider,40,25,65,138.5,142,650,75.5
1108,754,H,Providence,30,36,66,15,12.5,-1000,10
1108,755,V,Montana,19,44,63,137,135.5,150,3
1108,756,H,Duquesne,45,46,91,6,3.5,-170,71.5
1108,757,V,Mercer,39,36,75,1,1,-120,70.5
1108,758,H,EastCarolina,30,47,77,138,132.5,100,2
1108,759,V,GeorgiaSouthern,22,26,48,134,135,145,0.5
1108,760,H,SanJoseState,31,32,63,3,3.5,-165,70.5
1108,306617,V,SoCarolinaSt,33,44,77,139.5,138,2100,73.5
1108,306618,H,SouthCarolina,36,44,80,23,25.5,-10000,13
1108,306619,V,SacredHeart,44,33,77,144.5,6.5,-255,1.5
1108,306620,H,Hartford,35,35,70,2,140.5,215,76.5
1108,306621,V,CoppinState,34,49,89,148.5,148,1200,78
1108,306622,H,Georgetown,36,47,99,16.5,18.5,-3000,10.5
1109,763,V,Davidson,36,43,102,3.5,4,-175,5.5
1109,764,H,WrightState,52,27,97,147.5,150.5,155,81.5
1109,765,V,TennMartin,29,43,72,152.5,155,320,79.5
1109,766,H,YoungstownState,37,53,90,8,8.5,-380,3
1109,767,V,Hampton,19,39,58,149.5,151,1000,78
1109,768,H,JamesMadison,57,49,106,16.5,16.5,-2000,3.5
1109,769,V,IUPUI,17,31,48,131,131,1600,69
1109,770,H,Drake,40,40,80,28.5,27,-4500,10.5
1109,771,V,UMKC,34,29,63,142.5,137,1500,73.5
1109,772,H,LSU,41,33,74,21.5,23,-5000,11.5
1109,773,V,Monmouth,17,35,52,135.5,133.5,1400,70
1109,774,H,SetonHall,36,43,79,19,19.5,-4000,7
1109,775,V,SouthDakotaState,36,32,68,144.5,145.5,240,76.5
1109,776,H,BoiseState,31,35,66,6.5,6.5,-280,6
1109,306627,V,American,39,30,69,132.5,131.5,100,71.5
1109,306628,H,Marist,38,35,73,2.5,1.5,-120,1
1109,306629,V,Lipscomb,42,35,77,151,149,200,79
1109,306630,H,SouthDakota,35,50,85,4,6,-240,5
1109,306631,V,Bellarmine,41,26,67,136,135.5,300,73.5
1109,306632,H,Louisville,30,36,66,12.5,7.5,-360,7
1109,306633,V,FlaGulfCoast,27,46,73,146,146.5,170,75.5
1109,306634,H,SanDiego,32,47,79,6.5,4.5,-190,1.5
1109,306635,V,FloridaA&M,21,33,54,138,141,2000,73.5
1109,306636,H,PortlandU,42,49,91,22.5,24,-10000,10
1110,601,V,WesternCarolina,15,36,51,141.5,143,1500,73
1110,602,H,Maryland,32,39,71,20,20,-5000,7
1110,603,V,Towson,42,25,67,1,146.5,140,76
1110,604,H,Massachusetts,28,27,55,147,3,-160,4.5
1110,605,V,CentralMichigan,29,44,73,148.5,153.5,1300,81.5
1110,606,H,Marquette,47,50,97,18.5,18,-3500,6
1110,607,V,ClevelandState,29,29,58,140.5,138.5,1800,72.5
1110,608,H,Cincinnati,30,39,69,18.5,22.5,-8000,12
1110,609,V,NorthDakotaState,19,40,59,142,147.5,1800,76
1110,610,H,Kansas,48,34,82,23,24,-8000,9.5
1110,611,V,NebraskaOmaha,31,30,61,152,149.5,1300,77.5
1110,612,H,Nebraska,41,34,75,17.5,17.5,-3500,7.5
1110,613,V,SoIllinois,28,33,61,136.5,135.5,320,71.5
1110,614,H,OklahomaState,33,27,60,9,8,-380,3.5
1110,615,V,IllinoisState,28,26,54,8,10,-550,2.5
1110,616,H,EasternIllinois,16,33,49,134.5,135.5,425,67.5
1110,617,V,NorthernArizona,22,46,68,138,135,900,
1110,618,H,ArizonaState,47,37,84,16,16.5,-1600,
1110,619,V,NorthDakota,22,39,61,139.5,140,NL,75.5
1110,620,H,Creighton,53,43,96,26.5,30,NL,11.5
1110,621,V,CalRiverside,34,47,81,138.5,138.5,225,1
1110,622,H,LoyolaMarymount,52,27,79,6,6,-265,76.5
1110,623,V,CalPolySLO,27,21,48,140.5,145.5,900,76.5
1110,624,H,SanFrancisco,24,36,60,13.5,13.5,-1600,9
1110,625,V,GeorgiaSouthern,25,37,62,141,141,650,74.5
1110,626,H,SantaClara,42,36,78,12,12,-1000,3
1110,306639,V,Lehigh,25,27,52,142,139.5,1800,73.5
1110,306640,H,VirginiaTech,43,35,78,23.5,22,-8000,8.5
1110,306641,V,NCCentral,33,31,74,134.5,141,210,74.5
1110,306642,H,AppalachianSt,28,36,79,4.5,6,-250,5
1110,306643,V,CharlestonSou,22,34,56,142.5,147.5,1800,76.5
1110,306644,H,OhioState,46,36,82,24.5,26.5,-6000,10.5
1110,306645,V,LoyolaMaryland,29,36,65,132.5,140,1500,75
1110,306646,H,PennState,40,50,90,16.5,18.5,-5000,8
1110,306647,V,SacredHeart,25,25,50,138.5,139.5,1600,74.5
1110,306648,H,Rutgers,46,42,88,21.5,21.5,-6000,8.5
1110,306649,V,Colgate,34,43,77,5.5,6.5,-265,3
1110,306650,H,Brown,31,37,68,151.5,148,225,78
1110,306651,V,WesternKentucky,30,36,66,8.5,7.5,-340,5
1110,306652,H,EasternKentucky,35,25,60,151.5,157.5,280,81
1110,306653,V,Radford,39,37,76,138.5,137.5,1400,73.5
1110,306654,H,NotreDame,40,39,79,20.5,18.5,-4000,9.5
1110,306655,V,UMassLowell,36,53,89,6.5,8,-380,0.5
1110,306656,H,Columbia,22,40,62,143,141,320,74
1110,306657,V,Quinnipiac,52,50,102,9,11,-650,4.5
1110,306658,H,Stonehill,49,46,95,144,140.5,475,76.5
1110,306659,V,Presbyterian,35,23,58,137,134,125,71.5
1110,306660,H,TheCitadel,35,35,70,2.5,3,-145,1.5
1110,306661,V,GardnerWebb,37,34,71,136.5,138.5,190,75
1110,306662,H,StephenF.Austin,45,41,86,5,6,-220,2
1110,306663,V,TexasSouthern,28,26,54,136,139.5,1500,74
1110,306664,H,TexasTech,44,34,78,21,19.5,-5000,8.5
1110,306665,V,NorthAlabama,35,49,84,132.5,138,-110,73
1110,306666,H,AlabamaA&M,26,50,76,2.5,pk,-110,2
1110,306667,V,BethuneCookman,23,26,49,140.5,140,NL,74.5
1110,306668,H,IndianaU,49,52,101,30.5,32,NL,13
1110,306669,V,HoustonBaptist,12,19,31,139.5,138.5,NL,NL
1110,306670,H,Texas,39,43,82,31.5,37,NL,NL
1110,306671,V,NichollsState,28,40,68,149.5,154.5,1000,80.5
1110,306672,H,Wyoming,36,43,79,16.5,15.5,-2000,7
1110,306673,V,Vermont,24,29,53,132,131.5,290,68.5
1110,306674,H,SaintMarysCA,35,44,79,7.5,8.5,-350,2
1110,306675,V,AlabamaState,23,35,58,144,144.5,1800,77
1110,306676,H,USC,48,48,96,26.5,24,-8000,9
1111,631,V,DetroitU,34,32,66,142,138,375,73.5
1111,632,H,BostonCollege,33,37,70,11,9,-450,5
1111,633,V,Toledo,39,54,93,156,156,180,85
1111,634,H,UAB,46,39,85,4.5,5,-210,1
1111,635,V,Delaware,27,44,71,131.5,1,-115,3
1111,636,H,AirForce,37,38,75,pk,130.5,-105,69.5
1111,637,N,HoustonU,46,35,81,19.5,22,-5000,9
1111,638,N,St.Josephs,26,29,55,133.5,132.5,1500,70
1111,639,N,MichiganState,38,25,63,145.5,141,550,76
1111,640,N,Gonzaga,31,33,64,10.5,12,-800,8.5
1111,641,V,Clemson,26,32,58,1.5,3,-155,4
1111,642,H,SouthCarolina,35,25,60,138,135.5,135,72
1111,643,N,MississippiSt,35,38,73,6,6,-260,1.5
1111,644,N,Akron,27,27,54,129.5,128.5,220,68
1111,645,V,SMU,24,38,62,134.5,133.5,550,69.5
1111,646,H,Dayton,29,45,74,13,11,-800,4.5
1111,647,V,FlaAtlantic,30,37,67,135,134,235,72
1111,648,H,Mississippi,39,41,80,6.5,7,-275,2
1111,649,V,SouthernMiss,29,31,60,138.5,135,1200,69.5
1111,650,H,Vanderbilt,25,23,48,19.5,17,-3000,10.5
1111,651,V,Belmont,37,37,74,145.5,145.5,400,77.5
1111,652,H,Furman,37,52,89,9,9,-500,5.5
1111,653,V,CSBakersfield,23,21,44,135,135,1200,70
1111,654,H,UtahU,36,36,72,18,18.5,-3000,7
1111,655,V,CollCharleston,50,36,86,156.5,163,1900,88
1111,656,H,NorthCarolina,43,59,102,22,19.5,-4500,11.5
1111,657,V,KansasState,36,27,63,5,6.5,-280,71
1111,658,H,California,21,33,54,133.5,135,240,0.5
1111,659,V,WestVirginia,47,34,81,1,3,-150,74.5
1111,660,H,Pittsburgh,36,20,56,138,134,130,2
1111,661,V,NCGreensboro,34,31,65,132,134,425,71.5
1111,662,H,MiamiFlorida,33,46,79,10.5,10,-550,6
1111,663,V,OldDominion,28,31,59,135.5,2.5,-145,2
1111,664,H,Drexel,30,41,71,pk,134.5,125,70.5
1111,665,V,NorthernIowa,29,26,55,137.5,138.5,240,72.5
1111,666,H,Richmond,32,36,68,7.5,6.5,-280,3.5
1111,667,V,Villanova,29,35,64,5,5,-220,5
1111,668,H,Temple,34,34,68,135,134,190,72
1111,669,V,FloridaState,29,25,54,1,2,-135,3.5
1111,670,H,CentralFlorida,39,29,68,144.5,145.5,115,76.5
1111,671,V,Iona,40,38,78,1,3,-150,3
1111,672,H,Hofstra,43,40,83,149.5,155,130,81
1111,673,V,BowlingGreen,45,42,87,152,157.5,270,83.5
1111,674,H,Oakland,39,43,82,7,7.5,-330,6
1111,675,V,Duquesne,22,30,52,143.5,148,1400,75.5
1111,676,H,Kentucky,38,39,77,17,19,-4000,7
1111,677,N,Stanford,20,30,50,137,134,160,0.5
1111,678,N,Wisconsin,32,28,60,5,4,-180,69.5
1111,679,V,Pennsylvania,43,42,85,150,150.5,600,81
1111,680,H,Missouri,43,49,92,14,11.5,-900,7
1111,681,V,Fordham,21,27,48,138.5,141.5,1400,73
1111,682,H,Arkansas,32,42,74,21,19.5,-4000,8.5
1111,683,V,SouthFlorida,30,29,59,133.5,134,1500,70
1111,684,H,Auburn,21,46,67,20.5,20.5,-5000,13
1111,685,V,NoIllinois,27,19,46,140.5,145,1200,76
1111,686,H,Northwestern,36,27,63,17,17.5,-3000,8
1111,687,V,N.CarolinaA&T,32,39,71,150,156.5,1800,84
1111,688,H,Iowa,52,60,112,24.5,24.5,-8000,9.5
1111,689,V,LoyolaChicago,34,36,70,9.5,11,-700,6
1111,690,H,IllinoisChicago,31,32,63,138.5,135,500,72.5
1111,691,V,AbileneChristian,29,29,58,141.5,140.5,650,73.5
1111,692,H,TexasA&M,34,43,77,13,12.5,-1000,6
1111,693,V,Montana,37,27,64,144.5,144,1200,76
1111,694,H,Xavier,49,37,86,13.5,17.5,-3000,7
1111,695,V,ChicagoSt,24,37,61,144.5,144,400,74
1111,696,H,StThomas,38,45,83,14,9,-500,1.5
1111,697,V,Georgia,22,49,71,146,137.5,270,73.5
1111,698,H,WakeForest,41,40,81,6,7.5,-330,pk
1111,699,V,Bradley,32,30,62,138,137.5,290,74.5
1111,700,H,UtahState,45,39,84,9,7.5,-350,1.5
1111,701,V,SouthAlabama,35,39,74,148.5,147.5,400,79
1111,702,H,NewMexico,36,44,80,8,9,-500,5
1111,703,N,EasternMichigan,45,38,83,143.5,146,1200,79
1111,704,N,Michigan,42,46,88,21.5,17.5,-3000,10.5
1111,705,V,Monmouth,21,21,42,127.5,122,1800,65
1111,706,H,Virginia,42,47,89,24.5,24.5,-8000,9.5
1111,707,V,UMKC,23,25,48,143,142.5,1900,74
1111,708,H,Illinois,39,47,86,24,26,-9000,10.5
1111,709,N,E.Washington,33,27,60,147.5,147.5,125,76.5
1111,710,N,Yale,32,42,74,2.5,3,-145,2
1111,711,V,BYU,40,35,75,137,139,475,76
1111,712,H,SanDiegoState,36,46,82,9.5,10.5,-650,7.5
1111,713,N,FresnoState,21,33,54,133.5,131.5,120,66
1111,714,N,CalSantaBarb,23,38,61,1,2.5,-140,1.5
1111,715,V,PortlandState,42,49,91,148.5,147,950,78.5
1111,716,H,PortlandU,42,56,98,13,16,-1800,9
1111,717,V,Pepperdine,37,34,71,3,3.5,-170,2.5
1111,718,H,CSFullerton,37,37,74,148.5,155,150,81.5
1111,719,V,WesternIllinois,35,39,74,148,145.5,900,77.5
1111,720,H,Depaul,42,44,86,16.5,15.5,-1600,7.5
1111,721,V,LongBeachState,33,36,69,143.5,145,1400,NL
1111,722,H,UCLA,48,45,93,19,19.5,-4000,NL
1111,723,V,CalIrvine,35,34,69,138,137,1000,72.5
1111,724,H,Oregon,22,34,56,14,15.5,-2000,11.5
1111,725,N,ULLafayette,34,41,75,3.5,2.5,-145,73.5
1111,726,N,Harvard,23,38,61,143.5,143.5,125,2
1111,727,N,Elon,31,33,64,142,142.5,240,76
1111,728,N,ETennesseeSt,39,38,77,4.5,6.5,-280,1.5
1111,306501,V,Fairfield,35,36,71,4.5,6,-265,5.5
1111,306502,H,NewHampshire,43,40,83,126,125.5,225,69.5
1111,306503,V,Howard,32,43,75,146,146.5,220,77.5
1111,306504,H,GeoWashington,36,49,85,4.5,6,-260,2.5
1111,306505,V,BostonU,23,34,57,140,139.5,1400,73
1111,306506,H,Connecticut,40,46,86,19.5,19.5,-4000,7.5
1111,306507,V,USCUpstate,18,20,38,148,150,2200,76.5
1111,306508,H,Duke,43,41,84,28,29,-10000,11.5
1111,306509,V,St.FrancisNY,28,26,54,140,133.5,900,69.5
1111,306510,H,Minnesota,37,35,72,19,15,-1600,6.5
1111,306511,V,KennesawSt,34,44,78,142,142.5,1400,75.5
1111,306512,H,Florida,44,44,88,19,20.5,-4000,8.5
1111,306513,V,Campbell,34,33,67,138,137.5,900,73.5
1111,306514,H,NCState,39,34,73,13.5,14,-1600,6.5
1111,306515,V,AustinPeay,16,28,44,145,138.5,1800,70.5
1111,306516,H,Purdue,31,32,63,22.5,24.5,-8000,10.5
1111,306517,V,Longwood,38,31,69,134,133.5,320,72.5
1111,306518,H,GeorgeMason,49,34,83,8.5,8,-380,1.5
1111,306519,V,CentralConn,0,,0,135.5,135.5,210,NL
1111,306520,H,Manhattan,0,,0,7,5.5,-250,NL
1111,306521,V,Bryant,41,48,89,147,6,-240,1.5
1111,306522,H,Dartmouth,28,42,70,pk,151,200,79
1111,306523,V,MountStMarys,32,46,78,2,1,-115,73
1111,306524,H,CoppinState,34,49,83,135.5,137.5,-105,pk
1111,306525,V,McNeeseState,26,32,58,150.5,152.5,1600,78.5
1111,306526,H,Tulane,33,42,75,24,20.5,-6000,9.5
1111,306527,V,Liberty,31,28,59,147,145.5,400,77.5
1111,306528,H,Alabama,40,55,95,11,9.5,-500,3
1111,306529,V,ArkPineBluff,26,32,58,140,143,2200,74
1111,306530,H,Oklahoma,30,36,66,29.5,26.5,-10000,13
1111,306531,V,Lamar,27,39,66,136.5,136,3500,71.5
1111,306532,H,TCU,36,41,77,33,35.5,-20000,16.5
1111,306533,V,TexSanAntonio,28,27,55,142,142.5,240,74
1111,306534,H,TexasA&MCorpus,25,50,75,8,6.5,-280,4.5
1111,306535,V,NorfolkSt,34,36,70,144.5,148.5,1800,78.5
1111,306536,H,Baylor,42,45,87,24,27,-8000,13
1111,306537,V,Colorado,32,42,74,16,14.5,-1400,9.5
1111,306538,H,Grambling,46,37,83,141.5,144,800,78
1111,306539,V,TexA&MCommerce,28,49,77,147,147,525,77.5
1111,306540,H,No.Colorado,46,34,80,9.5,13,-750,3.5
1111,306541,V,Princeton,26,47,73,135.5,1.5,-120,3.5
1111,306542,H,Navy,46,28,74,pk,134.5,100,72.5
1111,306543,V,Southern,31,47,78,156.5,162,2200,84.5
1111,306544,H,Arizona,49,46,95,27.5,28.5,-10000,11.5
1111,306545,V,FloridaA&M,17,26,43,136.5,134,1300,67
1111,306546,H,OregonState,22,38,60,16.5,18.5,-3500,9
1111,306547,V,SELouisiana,40,29,69,147.5,146,1300,79
1111,306548,H,ColoradoState,42,38,80,19.5,18,-3500,9.5
1111,306549,V,NJIT,26,17,43,136.5,137.5,900,72.5
1111,306550,H,CaliforniaBaptist,31,28,59,12.5,15.5,-1600,8.5
1111,306551,V,NorthFlorida,34,33,67,145.5,141,900,74
1111,306552,H,WashingtonU,28,47,75,12.5,15,-1600,9.5
1111,306553,V,MissValleySt,28,26,54,137.5,135,1800,NL
1111,306554,H,Hawaii,30,42,72,24,26,-6000,NL
1112,733,V,WiscGreenBay,29,29,58,149.5,144.5,1100,75
1112,734,H,Georgetown,31,61,92,21.5,17,-2500,9
1112,735,V,St.Peter's,23,21,44,132.5,129,1200,67.5
1112,736,H,SetonHall,36,44,80,17.5,17,-3000,6.5
1112,737,V,WrightState,34,39,73,146.5,144.5,200,76.5
1112,738,H,Louisville,37,35,72,8.5,5.5,-240,2.5
1112,739,V,BallState,31,40,71,149.5,149.5,320,79
1112,740,H,IndianaState,43,40,83,9.5,7.5,-380,1.5
1112,741,V,ClevelandState,30,40,70,138.5,136.5,400,70.5
1112,742,H,Ohio,38,43,81,6.5,9.5,-500,3.5
1112,743,V,SIUEdwardsville,32,44,76,145.5,145,375,79.5
1112,744,H,IPFW,43,38,81,9.5,9.5,-450,2
1112,745,V,JamesMadison,40,57,97,2.5,3.5,-160,86
1112,746,H,Buffalo,24,38,62,158.5,166,140,2
1112,747,V,NorthernArizona,31,38,69,138.5,136,450,74
1112,748,H,UtahValley,43,30,73,10.5,10.5,-600,3
1112,749,V,TexasState,35,35,70,130.5,131.5,250,70.5
1112,750,H,RhodeIsland,26,40,66,6,7.5,-300,6.5
1112,751,V,GrandCanyon,24,22,46,140.5,138,105,70.5
1112,752,H,Nevada,24,35,59,1.5,1.5,-125,1
1112,753,V,St.Bonaventure,33,33,80,9.5,7,-300,4
1112,754,H,Canisius,34,32,84,141.5,142,250,73
1112,755,N,WashingtonState,22,39,61,1.5,2,-135,3
1112,756,N,BoiseState,29,42,71,133.5,133.5,115,71
1112,757,V,Evansville,39,26,65,142.5,145,1900,77
1112,758,H,SaintLouis,37,46,83,24.5,24,-9000,12
1112,759,V,GeorgiaTech,25,34,59,4.5,1.5,-125,1
1112,760,H,GeorgiaState,26,31,57,138.5,136.5,105,70.5
1112,761,V,ArkansasState,26,26,52,141,140.5,1200,71
1112,762,H,LSU,31,30,61,20.5,18.5,-3000,9
1112,763,V,Northeastern,36,29,65,131,130.5,750,71
1112,764,H,Providence,38,51,89,15,13.5,-1200,8
1112,765,V,NewMexicoState,31,33,64,134.5,135.5,100,2.5
1112,766,H,UTEP,39,28,67,2.5,1,-120,73.5
1112,767,V,CSNorthridge,25,38,63,143.5,136.5,220,70.5
1112,768,H,UtahTech,33,36,69,6,6,-260,0.5
1112,769,V,UCDavis,31,44,75,142.5,142.5,200,77
1112,770,H,LoyolaMarymount,40,45,85,2.5,5.5,-240,1.5
1112,771,V,SacramentoState,29,36,65,140,133.5,115,68.5
1112,772,H,UCSanDiego,24,31,55,2,2,-135,2.5
1112,306561,V,SoCarolinaSt,35,26,61,143.5,146,375,77.5
1112,306562,H,TennesseeState,35,45,80,9.5,8.5,-450,4.5
1112,306563,V,Stonehill,44,38,82,148.5,149,550,79.5
1112,306564,H,Army,34,43,77,10,11.5,-800,8
1112,306565,V,UMassLowell,21,44,65,135.5,136,900,70.5
1112,306566,H,Rutgers,34,39,73,15.5,14,-1600,6
1112,306567,V,JacksonState,34,45,79,137.5,140,650,75.5
1112,306568,H,Tulsa,37,48,85,12,12.5,-1000,5.5
1112,306569,V,Wagner,26,43,69,136.5,131,260,70.5
1112,306570,H,LaSalle,39,38,77,7,7,-310,0.5
1112,306571,V,MiddleTennSt,28,40,68,142.5,3,-150,3.5
1112,306572,H,Winthrop,41,35,76,pk,142.5,130,75
1112,306573,V,Niagara,23,27,50,137.5,137,105,0.5
1112,306574,H,Bucknell,27,41,68,pk,1.5,-125,71.5
1112,306575,V,Presbyterian,32,25,57,132.5,128.5,200,68.5
1112,306576,H,EastCarolina,26,51,77,4,4.5,-240,4
1112,306577,V,Wofford,22,58,80,1,2.5,-145,3.5
1112,306578,H,HighPoint,39,52,91,138,138,125,73.5
1112,306579,V,AlcornState,28,38,66,137.5,137,1100,71.5
1112,306580,H,WichitaState,31,26,57,19,15.5,-2100,7.5
1112,306581,V,IncarnateWord,29,34,63,134,133,1800,71.5
1112,306582,H,UNLV,43,45,88,23.5,25,-8000,11.5
1112,306583,V,Lafayette,32,36,68,150,150,1800,78.5
1112,306584,H,St.Johns,34,49,83,24.5,24,-8000,11.5
1112,306585,V,MorganState,27,27,54,143,151.5,1300,77
1112,306586,H,VaCommonwealth,28,41,69,18,19.5,-3500,10
1112,306587,V,Binghamton,37,41,78,134.5,133.5,115,71
1112,306588,H,Marist,30,45,75,1,2.5,-135,2.5
1112,306589,V,Hartford,21,32,53,140.5,140.5,400,72.5
1112,306590,H,St.FrancisPA,33,44,77,7,10,-500,3
1112,306591,V,AlbanyNY,38,24,62,132,131.5,170,70.5
1112,306592,H,Siena,27,48,75,5,4.5,-190,5
1112,306593,V,Bellarmine,16,39,55,134,132.5,125,1.5
1112,306594,H,MoreheadState,28,34,62,1,2.5,-145,66.5
1112,306595,V,IllinoisState,32,37,69,7,4,-175,1.5
1112,306596,H,NorthwesternSt,32,35,67,140.5,131.5,155,69.5
1113,803,V,N.CarolinaA&T,16,27,43,139,136.5,1400,69
1113,804,H,IowaState,39,41,80,18.5,19.5,-4000,7.5
1113,805,V,Colorado,32,46,78,140,139.5,1000,76.5
1113,806,H,Tennessee,34,32,66,13,16,-2000,9
1113,807,V,VMI,24,47,71,150.5,143,1500,74.5
1113,808,H,Davidson,38,37,75,17.5,21,-5000,8.5
1113,809,V,Pacific,45,46,91,144,147,210,78
1113,810,H,NorthDakotaState,29,57,86,5,5.5,-250,6.5
1113,811,V,EasternIllinois,21,39,60,135,133,250,1
1113,812,H,CentralMichigan,42,34,76,8.5,7,-300,73.5
1113,813,V,OklahomaState,42,49,91,11,8.5,-420,1.5
1113,814,H,Oakland,27,35,62,145,143.5,350,76
1113,815,V,IdahoU,26,46,72,194,143.5,180,1.5
1113,816,H,NebraskaOmaha,46,33,79,5,5,-210,76
1113,817,V,Towson,34,46,80,3.5,3.5,-175,73.5
1113,818,H,Pennsylvania,24,50,74,141.5,141.5,155,1
1113,819,V,YoungstownState,36,45,81,149.5,148,475,78
1113,820,H,NotreDame,43,45,88,12.5,10.5,-650,4.5
1113,821,V,SoIllinois,26,27,53,9,9.5,-500,6.5
1113,822,H,SouthernIndiana,28,43,71,138,137,400,71.5
1113,823,V,WesternMichigan,36,29,65,137.5,136.5,200,75.5
1113,824,H,Valparaiso,40,41,81,4.5,5.5,-240,2
1113,825,V,William&Mary,35,42,77,137.5,137.5,2000,74.5
1113,826,H,VirginiaTech,57,37,94,27,26.5,-8000,12
1113,827,V,Lindenwood,25,28,53,149.5,153.5,2000,78.5
1113,828,H,Missouri,40,42,82,27,28,-8000,13
1113,829,V,PortlandState,34,37,71,148,159,330,85
1113,830,H,SeattleU,43,40,83,11,8.5,-400,2.5
1113,831,V,MontanaState,32,38,70,147.5,149.5,125,74.5
1113,832,H,LongBeachState,24,33,57,4,3,-145,3.5
1113,833,V,NorthTexas,12,21,33,123,119.5,375,61
1113,834,H,SaintMarysCA,34,29,63,8.5,10,-450,2
1113,835,V,E.Washington,23,28,51,140.5,144,220,73.5
1113,836,H,Hawaii,33,38,71,4.5,6.5,-260,1
1113,837,N,Harvard,47,45,92,6.5,7,-300,2
1113,838,N,Elon,36,41,77,136.5,133.5,250,74.5
1113,839,N,ULLafayette,42,39,81,5.5,5.5,-230,75
1113,840,N,ETennesseeSt,28,49,77,147.5,145.5,195,1.5
1113,306601,V,EasternKentucky,34,35,69,143,150,1100,79
1113,306602,H,Cincinnati,49,38,87,17.5,16,-2500,5.5
1113,306603,V,ArizonaState,28,29,66,8.5,11.5,-800,5.5
1113,306604,H,TexasSouthern,24,33,67,143.5,145.5,550,75.5
1113,306605,V,Columbia,46,39,85,148.5,149,175,81
1113,306606,H,SacredHeart,47,41,88,7,4.5,-200,3
1113,306607,V,Quinnipiac,26,46,72,7,7.5,-320,5.5
1113,306608,H,CentralConn,33,37,70,144,145,265,74.5
1113,306609,V,Manhattan,38,36,74,2,144.5,160,76
1113,306610,H,FairDickinson,34,43,77,145,4,-180,3.5
1113,306611,V,ArkPineBluff,19,28,47,140,134,1400,69.5
1113,306612,H,MississippiSt,41,39,80,28,22,-3500,8
1113,306613,V,St.FrancisNY,23,24,47,143.5,142.5,280,0.5
1113,306614,H,StThomas,46,38,84,8.5,7.5,-340,77
1113,306615,V,SELouisiana,38,38,76,148,149,1900,78.5
1113,306616,H,Wyoming,38,34,72,20.5,22.5,-9000,13
1113,306617,V,American,34,22,56,134,136.5,900,71.5
1113,306618,H,GeorgeMason,27,46,73,15,15,-1600,9
1113,306619,V,AlabamaState,25,37,62,155.5,159.5,1500,83
1113,306620,H,Pepperdine,47,44,91,17.5,18.5,-5000,5.5
1113,306621,V,Brown,35,35,70,139,139,135,75
1113,306622,H,LoyolaMaryland,34,41,75,3.5,3,-155,2.5
1113,306623,V,NJIT,33,31,64,135,135,1200,72
1113,306624,H,SanDiego,39,35,74,16.5,17.5,-3000,7
1113,306625,N,Yale,35,45,80,22,21.5,-8000,9.5
1113,306626,N,MissValleySt,21,30,51,137.5,134,1800,70.5
1113,306627,V,Vermont,36,29,85,4.5,3.5,-170,2
1113,306628,H,CSFullerton,37,28,94,137,136,150,73.5
1114,845,V,TennesseeTech,27,38,65,152,156,1100,81
1114,846,H,Marshall,43,48,91,15.5,17,-2500,6.5
1114,847,V,MiamiOhio,28,42,70,147,140,550,74
1114,848,H,Georgia,38,39,77,14.5,12.5,-800,5
1114,849,V,FlaAtlantic,35,41,76,145,145.5,550,79
1114,850,H,Florida,35,39,74,10.5,12,-800,7
1114,851,V,Troy,32,47,79,139,143,425,73.5
1114,852,H,FloridaState,25,47,72,11,10,-550,7
1114,853,V,GeoWashington,37,43,80,150,150.5,300,80
1114,854,H,Hofstra,48,37,85,8.5,8,-360,2.5
1114,855,V,Depaul,34,35,69,138,1.5,-120,69.5
1114,856,H,Minnesota,22,31,53,1.5,134.5,100,2.5
1114,857,V,WesternIllinois,18,19,37,143.5,140.5,1100,72
1114,858,H,CentralFlorida,37,33,70,15.5,16.5,-2500,5.5
1114,859,V,PortlandU,24,41,65,150.5,153,200,0.5
1114,860,H,KentState,38,39,77,4.5,5.5,-240,79.5
1114,861,V,Richmond,31,50,90,4.5,152,130,2.5
1114,862,H,CollCharleston,45,36,92,149,2.5,-150,81
1114,863,V,Wofford,33,39,72,146,145.5,575,76.5
1114,864,H,Drake,36,44,80,10,12.5,-850,6.5
1114,865,V,OralRoberts,24,21,45,146.5,143,1500,74.5
1114,866,H,HoustonU,51,32,83,18.5,20,-5000,6
1114,867,V,IdahoState,31,27,58,134,134,1800,72
1114,868,H,UtahU,38,32,70,22,23,-8000,11
1114,869,V,LouisianaTech,27,28,55,135,132,625,69.5
1114,870,H,TexasTech,32,32,64,15.5,13,-950,6
1114,873,V,No.Colorado,26,36,62,153,156,2200,81.5
1114,874,H,Baylor,44,51,95,24.5,28,-10000,12
1114,875,V,IUPUI,26,32,58,132,NL,240,65
1114,876,H,ChicagoSt,24,44,68,6,NL,-280,5
1114,877,V,Butler,26,36,62,140.5,145,210,75.5
1114,878,H,PennState,33,35,68,10.5,5.5,-250,1.5
1114,879,V,SantaClara,36,38,74,146.5,147.5,250,.5+05
1114,880,H,UtahState,50,46,96,8,7,-300,80.5
1114,881,V,SacramentoState,33,40,73,133,131,105,0.5
1114,882,H,DenverU,36,33,69,3,1.5,-125,71
1114,883,V,WeberState,15,37,52,139.5,138.5,350,0.5
1114,884,H,ColoradoState,36,41,77,11,8,-420,71.5
1114,885,V,Monmouth,33,32,65,141,142.5,2200,80
1114,886,H,Illinois,63,40,103,23.5,27.5,-10000,11.5
1114,887,V,UtahTech,36,31,67,141.5,143,1000,74.5
1114,888,H,WashingtonU,34,44,78,14.5,16,-2000,9
1114,889,V,Yale,17,34,62,131.5,133,160,66
1114,890,H,Hawaii,16,35,59,3,4,-180,2.5
1114,306633,V,Princeton,41,53,94,3,5.5,-220,0.5
1114,306634,H,MDBaltimoreCo,27,37,64,149.5,152.5,190,80
1114,306635,V,Maine,34,35,69,136.5,136.5,1600,73
1114,306636,H,BostonCollege,30,34,64,21.5,20.5,-6000,11.5
1114,306637,V,DelawareState,27,23,50,137,139,NL,70
1114,306638,H,Villanova,24,36,60,36,33.5,NL,17.5
1114,306639,V,SoCarolinaSt,29,42,71,141,142.5,1500,76
1114,306640,H,Duquesne,50,46,96,18,20.5,-5000,5
1114,306641,V,MDEasternShore,18,29,47,133.5,133.5,600,70.5
1114,306642,H,CharlotteU,41,39,80,11.5,12.5,-900,1.5
1114,306643,V,Stetson,38,30,68,129,131.5,290,70.5
1114,306644,H,SouthFlorida,28,39,67,8.5,8,-350,7.5
1114,306645,V,Cornell,39,41,80,2,4,-185,2.5
1114,306646,H,St.FrancisPA,40,37,77,151.5,158,165,83
1114,306647,V,Navy,32,36,68,4,2.5,-150,3.5
1114,306648,H,CoppinState,41,34,75,137.5,138.5,130,73.5
1114,306649,V,Lafayette,26,33,59,137,136.5,425,72.5
1114,306650,H,St.Josephs,36,27,63,10,10,-550,2.5
1114,306651,V,NCCentral,21,42,63,136.5,135,550,71.5
1114,306652,H,Liberty,45,34,79,12,11.5,-800,1.5
1114,306653,V,NorthwesternSt,29,35,64,142,137,1600,72.5
1114,306654,H,TCU,31,32,63,28,22.5,-4500,11.5
1114,306655,V,Belmont,34,41,75,1,2.5,-140,3
1114,306656,H,Lipscomb,37,40,77,153,152.5,120,80.5
1114,306657,V,ArkansasLR,30,41,71,153,156.5,120,0.5
1114,306658,H,CentralArkansas,37,45,82,2,2.5,-140,82
1114,306659,V,JacksonvilleSt,27,33,60,143,3,-150,3.5
1114,306660,H,IllinoisChicago,32,35,67,1,142.5,130,75
1114,306661,V,AlabamaA&M,35,41,76,137.5,142.5,360,78.5
1114,306662,H,TennesseeState,47,40,87,8,10,-430,3.5
1114,306663,V,HolyCross,27,38,65,140,145,2200,78
1114,306664,H,Creighton,52,42,94,26,29.5,-10000,12.5
1114,306665,V,TexA&MCommerce,31,30,73,133.5,129.5,400,68.5
1114,306666,H,AirForce,28,33,69,8,10.5,-500,5.5
1114,306667,V,MissValleySt,28,24,52,145.5,139,1400,71.5
1114,306668,H,E.Washington,26,34,60,16.5,18.5,-4000,9
1114,306669,V,NorfolkSt,33,23,56,141.5,145,1700,77.5
1114,306670,H,UCLA,46,40,86,20.5,20.5,-7000,9
1115,601,V,AppalachianSt,38,23,61,135,136,220,71.5
1115,602,H,Louisville,25,35,60,7.5,6,-260,6
1115,603,V,Northwestern,33,42,75,144,1.5,-120,1
1115,604,H,Georgetown,35,28,63,pk,147.5,100,78
1115,605,V,Rice,18,28,46,144.5,147.5,400,73
1115,606,H,MiddleTennSt,44,37,81,9.5,9.5,-500,1
1115,607,V,Mercer,40,37,83,135.5,132,140,75
1115,608,H,GeorgiaState,43,34,85,2,3.5,-160,1.5
1115,609,V,BowlingGreen,27,44,71,156.5,158,260,81.5
1115,610,H,WrightState,32,48,80,7,7,-310,3
1115,611,V,MichiganState,36,26,86,141.5,140.5,250,75.5
1115,612,H,Kentucky,34,28,77,6,7,-300,5.5
1115,613,V,MoreheadState,28,29,57,136,134,1400,71
1115,614,H,WestVirginia,37,38,75,16.5,18.5,-4000,8
1115,615,V,UtahValley,29,30,65,144,147.5,525,75.5
1115,616,H,WakeForest,30,29,68,9,12,-750,7.5
1115,617,V,Pennsylvania,33,31,64,145.5,2.5,-145,74
1115,618,H,Drexel,22,37,59,2,142.5,125,1.5
1115,619,V,Vanderbilt,37,39,89,135.5,133.5,145,72
1115,620,H,Temple,37,39,87,4,3.5,-165,2.5
1115,621,V,StonyBrook,30,34,64,137,132,600,70
1115,622,H,RhodeIsland,34,40,74,12,11.5,-900,5.5
1115,623,V,Dartmouth,32,40,72,145.5,145,375,77
1115,624,H,Quinnipiac,43,38,81,7,9,-450,2.5
1115,625,V,Buffalo,28,36,64,151,153.5,1500,80.5
1115,626,H,Connecticut,44,40,84,20,20.5,-5000,8
1115,627,V,Chattanooga,33,25,58,140,136.5,500,72
1115,628,H,Mississippi,33,37,70,13.5,10.5,-700,5.5
1115,629,V,Pacific,42,51,93,4,6.5,-270,76.5
1115,630,H,NorthDakota,26,37,63,147.5,150,230,1.5
1115,631,V,SIUEdwardsville,31,49,80,151,157.5,1200,83.5
1115,632,H,Missouri,52,53,105,18,18,-3000,6.5
1115,633,V,St.Bonaventure,32,30,62,143,143,240,74.5
1115,634,H,SouthDakotaState,30,36,66,3.5,7,-280,5
1115,635,V,NCWilmington,21,32,53,129.5,128,600,66.5
1115,636,H,Oklahoma,37,37,74,15.5,11.5,-900,3
1115,637,V,NewMexico,45,39,84,150.5,152,135,82
1115,638,H,SMU,32,31,63,4.5,3.5,-155,4.5
1115,639,V,EasternMichigan,21,40,61,145.5,148,240,1
1115,640,H,Bradley,41,48,89,9,6.5,-280,76.5
1115,641,V,Marquette,34,36,70,147,150,320,77
1115,642,H,Purdue,32,43,75,9,8,-380,5.5
1115,643,V,MemphisU,43,41,84,146,145,130,79
1115,644,H,SaintLouis,47,43,90,2.5,3,-150,1
1115,645,V,SanDiegoState,41,33,74,4.5,4.5,-200,72.5
1115,646,H,Stanford,30,32,62,135,139,175,1
1115,647,V,MontanaState,22,29,51,140.5,136.5,500,71
1115,648,H,Oregon,34,47,81,14,11,-700,4
1115,649,V,FloridaIntl,32,42,74,148.5,159,850,84.5
1115,650,H,NCState,57,50,107,13.5,15,-1500,3.5
1115,651,V,WiscGreenBay,15,30,45,132,131,2000,67
1115,652,H,Wisconsin,32,24,56,28.5,27,-8000,11.5
1115,653,V,Fairfield,37,28,65,139.5,139.5,1400,75.5
1115,654,H,Xavier,35,43,78,18,20,-4000,12
1115,655,V,Kansas,33,36,69,2,144.5,-110,75.5
1115,656,H,Duke,29,35,64,144.5,pk,-110,1.5
1115,657,V,Alabama,32,33,65,13.5,11,-700,4.5
1115,658,H,SouthAlabama,22,33,55,147.5,150.5,500,77
1115,659,V,CSNorthridge,28,27,55,133.5,132.5,600,69.5
1115,660,H,CaliforniaBaptist,28,34,62,11.5,13.5,-900,7
1115,661,V,LoyolaMarymount,25,39,64,139.5,138,170,2.5
1115,662,H,CalIrvine,45,34,79,5,4.5,-190,73.5
1115,663,V,California,27,35,62,5,1.5,-130,3.5
1115,664,H,UCSanDiego,37,27,64,134,130,110,70
1115,665,V,Dayton,32,20,52,4.5,4,-185,68
1115,666,H,UNLV,22,38,60,133,131,165,0.5
1115,306675,V,Stonehill,36,40,76,143.5,146,1600,79.5
1115,306676,H,Providence,47,53,100,25,23.5,-6000,10.5
1115,306677,V,CentralConn,36,38,74,148.5,154,NL,81
1115,306678,H,St.Johns,40,51,91,27.5,27.5,NL,12.5
1115,306679,V,MorganState,28,31,59,138,140,750,74
1115,306680,H,Akron,40,25,65,13.5,13.5,-1200,4.5
1115,306681,V,Winthrop,26,39,65,146.5,150.5,1200,77
1115,306682,H,Auburn,39,50,89,18.5,19.5,-3000,8.5
1115,306683,V,NewHampshire,30,31,61,131.5,134.5,245,73
1115,306684,H,Fordham,40,39,79,8.5,7.5,-290,2
1115,306685,V,Colgate,44,36,80,150.5,151,260,79
1115,306686,H,Syracuse,30,38,68,8.5,7.5,-310,6.5
1115,306687,V,FloridaA&M,27,34,61,132,131,NL,69.5
1115,306688,H,MiamiFlorida,41,46,87,31.5,32,NL,14.5
1115,306689,V,Binghamton,23,29,52,137,137.5,1600,73.5
1115,306690,H,Maryland,44,32,76,19.5,21,-6000,8.5
1115,306691,V,USCUpstate,32,38,70,140.5,138,1600,74
1115,306692,H,Clemson,41,40,81,21.5,21,-6000,9.5
1115,306693,V,Bucknell,35,36,71,135,135,125,72.5
1115,306694,H,St.Peter's,40,42,82,4.5,2.5,-145,0.5
1115,306695,V,QueensNC,28,32,60,149,151,240,79.5
1115,306696,H,LaSalle,36,36,72,6.5,6,-280,0.5
1115,306697,V,WashingtonState,27,32,59,13,11,-800,7.5
1115,306698,H,PrairieViewA&M,41,29,70,137,144,550,75
1115,306699,V,JamesMadison,43,52,95,8,12.5,-800,4.5
1115,306700,H,Howard,31,38,69,153.5,159.5,550,84
1115,306701,V,AlcornState,28,41,69,138.5,143,500,73
1115,306702,H,StephenF.Austin,24,36,60,11.5,11,-700,7
1115,306703,V,OralRoberts,38,44,82,5,4,-180,2.5
1115,306704,H,TexasSouthern,38,26,64,153,153.5,160,81.5
1115,306705,V,GardnerWebb,22,44,66,140.5,142,1600,73
1115,306706,H,NorthCarolina,26,46,72,20.5,22.5,-6000,12.5
1115,306707,V,AlabamaState,33,24,57,140.5,142,850,74.5
1115,306708,H,SanJoseState,36,34,70,13,14.5,-1500,7.5
1115,306709,V,Vermont,27,30,57,138.5,138.5,425,71.5
1115,306710,H,USC,22,37,59,11,10,-550,7.5
1116,671,V,Cincinnati,40,11,51,6.5,6.5,-280,3
1116,672,H,NorthernKentucky,36,28,64,136.5,136.5,240,73.5
1116,673,V,Ohio,34,40,74,1,1,-120,4
1116,674,H,DetroitU,47,41,88,145.5,142.5,100,77
1116,675,V,ClevelandState,30,23,58,142.5,138,110,69.5
1116,676,H,Canisius,18,35,57,1,1.5,-130,4
1116,677,V,Hampton,39,34,73,143.5,144.5,450,77.5
1116,678,H,EastCarolina,33,49,82,10.5,10.5,-600,8.5
1116,679,V,EasternIllinois,20,23,43,133,131.5,NL,68
1116,680,H,OhioState,26,39,65,30.5,31.5,NL,15.5
1116,681,V,Oakland,37,53,90,156,157.5,700,83.5
1116,682,H,Toledo,57,55,112,15.5,13.5,-1100,3.5
1116,683,V,Harvard,30,40,70,137,2,-130,4
1116,684,H,Northeastern,32,37,69,1,136.5,110,72
1116,685,V,Iowa,34,49,83,148,151.5,-110,77
1116,686,H,SetonHall,22,45,67,pk,pk,-110,4
1116,687,V,SouthDakotaState,29,27,56,152.5,152,1000,79.5
1116,688,H,Arkansas,41,30,71,14,15,-2000,6
1116,689,V,SEMissouriSt,36,31,67,143.5,148,110,76
1116,690,H,Evansville,23,38,61,1,2,-130,4
1116,691,V,Valparaiso,24,50,74,12.5,9.5,-500,9
1116,692,H,ChicagoSt,49,38,87,141.5,138,400,72
1116,693,V,SouthernIndiana,25,45,70,148.5,149.5,900,77.5
1116,694,H,NotreDame,42,40,82,14.5,14.5,-1600,5
1116,695,V,BallState,37,34,71,3,4.5,-200,74
1116,696,H,NebraskaOmaha,27,34,61,151.5,144,175,0.5
1116,697,V,CSBakersfield,22,30,52,2.5,132,130,67
1116,698,H,IdahoU,21,22,43,135.5,2.5,-150,2
1116,699,V,MissouriSt,35,29,64,147,146.5,375,76.5
1116,700,H,BYU,36,30,66,8.5,9.5,-450,5.5
1116,701,V,Gonzaga,37,37,74,1.5,144,115,2.5
1116,702,H,Texas,47,46,93,146.5,2,-135,78.5
1116,703,V,SanFrancisco,29,38,67,136.5,133,-105,68.5
1116,704,H,FresnoState,26,34,60,1,1,-115,1
1116,705,V,Michigan,38,53,91,9,8.5,-380,3.5
1116,706,H,Pittsburgh,32,28,60,141,139,320,74.5
1116,707,V,VaCommonwealth,35,24,59,1,3.5,-160,70
1116,708,H,ArizonaState,28,35,63,136.5,133,140,.5+05
1116,306501,V,ArkPineBluff,28,40,68,144.5,140.5,1400,75.5
1116,306502,H,KentState,40,54,94,22.5,20,-4000,8.5
1116,306503,V,SacredHeart,38,43,81,148.5,150,650,79.5
1116,306504,H,UMassLowell,43,47,90,13,13,-1000,6.5
1116,306505,V,FlaGulfCoast,20,30,50,144.5,139,1500,71.5
1116,306506,H,Tennessee,37,44,81,23,21,-5000,8.5
1116,306507,V,Army,41,41,96,143.5,142.5,200,78
1116,306508,H,Siena,39,43,94,6.5,6,-240,3.5
1116,306509,V,DelawareState,23,42,65,142.5,145,300,75.5
1116,306510,H,Columbia,31,39,70,10.5,8,-360,3
1116,306511,V,William&Mary,37,27,64,138.5,138,105,73.5
1116,306512,H,American,38,33,71,4.5,1.5,-125,0.5
1116,306513,V,CharlestonSou,44,35,79,145.5,146.5,1500,79.5
1116,306514,H,Tulane,50,49,99,20.5,21,-5000,10.5
1116,306515,V,Marist,16,38,54,140.5,139,155,1.5
1116,306516,H,Lehigh,29,35,64,4.5,3.5,-175,70.5
1116,306517,V,Presbyterian,30,31,61,145.5,143,NL,76.5
1116,306518,H,UAB,44,48,92,20.5,26.5,NL,11.5
1116,306519,V,TexasSouthern,20,28,48,133.5,132,NL,68.5
1116,306520,H,HoustonU,43,40,83,28.5,31.5,NL,12.5
1116,306521,V,Southern,27,27,54,134.5,132.5,1400,68.5
1116,306522,H,SaintMarysCA,35,37,72,20.5,19,-4000,8.5
1117,713,V,UMKC,25,28,53,140.5,137.5,1400,72
1117,714,H,KansasState,41,28,69,19,19.5,-4000,8
1117,715,V,Nebraska,27,23,50,155.5,159.5,400,80
1117,716,H,St.Johns,20,50,70,10.5,9,-500,7
1117,717,V,ArkansasLR,35,41,76,148,148,500,79.5
1117,718,H,ETennesseeSt,42,42,84,11.5,11.5,-700,5
1117,719,V,Marshall,45,50,95,4,5.5,-240,83
1117,720,H,MiamiOhio,31,38,69,157.5,156.5,200,0.5
1117,721,V,Towson,20,36,56,130.5,1.5,-125,4
1117,722,H,NCGreensboro,33,20,53,1,127.5,105,67
1117,723,V,WichitaState,28,28,56,134.5,132,170,66.5
1117,724,H,Richmond,19,34,53,4,4.5,-190,4.5
1117,725,V,NorthDakotaState,26,49,75,145.5,150.5,475,78.5
1117,726,H,IndianaState,49,52,101,7.5,11.5,-650,1
1117,727,V,StonyBrook,31,22,53,145,143.5,250,74.5
1117,728,H,Brown,30,34,64,5,7,-300,5
1117,729,V,NorthDakota,37,40,77,143.5,148.5,225,72.5
1117,730,H,Elon,27,46,73,6.5,6.5,-265,5.5
1117,731,V,LouisianaTech,42,46,88,3,139,170,75.5
1117,732,H,ULLafayette,35,59,94,144,4.5,-190,3.5
1117,733,V,TexasState,27,29,56,4,5,-210,4.5
1117,734,H,TexSanAntonio,31,30,61,136.5,134.5,180,68.5
1117,735,V,TennesseeState,27,17,44,136.5,133.5,750,71
1117,736,H,SoIllinois,36,21,57,14,14,-1200,5.5
1117,737,V,ULMonroe,26,34,60,139.5,139.5,950,77
1117,738,H,TCU,53,42,95,18,15,-1800,4
1117,739,V,NoIllinois,20,30,50,134.5,135.5,600,72.5
1117,740,H,GeorgiaTech,43,25,68,14,13.5,-900,3
1117,741,V,CalRiverside,28,23,51,140.5,141,1300,72.5
1117,742,H,Creighton,41,39,80,17.5,19,-3500,8
1117,743,V,SouthDakota,15,27,42,141.5,138,850,70
1117,744,H,MississippiSt,38,41,79,14.5,15,-1500,2.5
1117,745,V,PortlandU,32,32,64,2.5,3,-160,1
1117,746,H,AirForce,29,22,51,139.5,134,140,70.5
1117,747,V,CentralMichigan,26,34,60,141.5,135,450,71
1117,748,H,Minnesota,31,37,68,13.5,10.5,-600,4.5
1117,749,V,SamHoustonSt,27,38,65,133,131.5,425,68.5
1117,750,H,UtahU,23,32,55,9.5,10,-550,6.5
1117,751,V,UtahTech,21,56,77,157.5,164,NL,84.5
1117,752,H,Arizona,49,55,104,26.5,28,NL,10.5
1117,753,V,StThomas,26,33,59,141.5,138.5,185,1
1117,754,H,Montana,43,35,78,4,5.5,-215,73
1117,755,V,Hofstra,31,54,85,2.5,3,-155,4
1117,756,H,SanJoseState,41,35,76,143.5,141.5,135,75
1117,757,V,UtahState,30,48,91,7.5,6.5,-280,4
1117,758,H,SanDiego,31,47,89,143.5,148,240,74
1117,759,V,CaliforniaBaptist,33,40,73,134.5,133.5,290,70.5
1117,760,H,WashingtonU,26,38,64,8.5,8,-350,7
1117,761,N,Furman,29,39,68,141.5,145.5,130,2
1117,762,N,PennState,46,27,73,2.5,3,-150,77
1117,763,N,OldDominion,25,46,71,132.5,130.5,800,67.5
1117,764,N,VirginiaTech,39,36,75,12.5,14,-1400,5
1117,765,N,ColoradoState,40,45,85,138,132.5,-110,69.5
1117,766,N,SouthCarolina,19,34,53,pk,1,-110,5
1117,767,V,Davidson,30,36,66,3,165.5,135,2.5
1117,768,H,CollCharleston,44,45,89,157,3,-155,83
1117,769,N,Colorado,34,29,63,8.5,6,-230,5
1117,770,N,Massachusetts,37,29,66,147.5,150,195,79
1117,771,N,MurrayState,35,53,88,139.5,138,600,73.5
1117,772,N,TexasA&M,28,51,79,8.5,13,-900,10.5
1117,773,N,BoiseState,11,31,42,6.5,5.5,-230,6.5
1117,774,N,CharlotteU,28,26,54,133.5,131,195,67
1117,775,N,LoyolaChicago,30,36,66,7.5,7.5,-310,4.5
1117,776,N,Tulsa,30,55,85,139.5,141,260,73
1117,777,N,Pittsburgh,24,43,67,134,129,160,67.5
1117,778,N,VaCommonwealth,30,41,71,2.5,4,-180,1
1117,779,N,Michigan,28,34,62,7,7.5,-330,8
1117,780,N,ArizonaState,46,41,87,142,142,270,75.5
1117,306527,V,St.FrancisPA,33,34,67,140.5,140.5,1400,75.5
1117,306528,H,Butler,44,51,95,14.5,19.5,-4000,8.5
1117,306529,V,NorfolkSt,32,32,64,1,9,-350,2.5
1117,306530,H,Monmouth,22,37,59,139,141,290,74.5
1117,306531,V,Bryant,35,39,74,150.5,161,300,84.5
1117,306532,H,FlaAtlantic,37,48,85,9.5,8,-360,3.5
1117,306533,V,AustinPeay,32,30,62,126.5,123.5,250,66
1117,306534,H,SouthFlorida,30,30,60,7.5,6.5,-300,3.5
1117,306535,V,AlbanyNY,30,49,79,133.5,134,320,1.5
1117,306536,H,St.Josephs,60,39,99,9.5,8,-380,73.5
1117,306537,V,Merrimack,29,25,54,134.5,131.5,260,70
1117,306538,H,Troy,38,35,73,6.5,7,-310,2
1117,306539,V,Hartford,32,34,66,140,139.5,850,76.5
1117,306540,H,BostonU,55,47,102,10.5,16,-1500,4.5
1117,306541,V,SoCarolinaSt,30,33,63,146,145.5,NL,77
1117,306542,H,Kentucky,49,57,106,36.5,40,NL,18
1117,306543,V,Samford,40,44,84,6.5,12,-800,4
1117,306544,H,AlabamaA&M,29,35,64,147.5,157,550,82.5
1117,306545,V,NorthwesternSt,38,32,70,136.5,133.5,220,70.5
1117,306546,H,IllinoisState,30,37,67,10.5,6,-260,5.5
1117,306547,V,NewOrleansU,25,37,62,146.5,149.5,1800,78
1117,306548,H,LSU,47,44,91,23.5,24.5,-8000,10.5
1117,306549,V,UTRioGrandeValley,38,37,75,146.5,153,525,82.5
1117,306550,H,TexasA&MCorpus,47,50,97,11.5,11,-750,4.5
1117,306551,V,LongIsland,24,34,58,151,153.5,1800,80.5
1117,306552,H,Marquette,47,48,95,23.5,29.5,-6000,11.5
1117,306553,V,CoppinState,31,42,90,146.5,4.5,-190,3
1117,306554,H,TennesseeTech,33,40,85,pk,150,170,78.5
1118,811,V,Rutgers,23,43,66,5.5,4.5,-200,6
1118,812,H,Temple,38,34,72,134.5,131,175,69.5
1118,813,V,IndianaU,38,43,81,1.5,2,-135,2
1118,814,H,Xavier,40,39,79,145,142.5,115,76
1118,815,V,GeorgiaSouthern,48,23,71,140,138.5,185,77.5
1118,816,H,Rice,47,41,88,2.5,5.5,-215,3.5
1118,817,V,MoreheadState,13,30,43,134.5,133.5,600,68
1118,818,H,Vanderbilt,38,38,76,10.5,12.5,-900,2.5
1118,819,V,Pennsylvania,31,27,58,145,140.5,1000,74.5
1118,820,H,WestVirginia,52,40,92,14.5,17,-2000,4.5
1118,821,V,Delaware,36,22,58,144.5,142.5,1800,76
1118,822,H,Duke,42,50,92,19.5,24,-8000,12.5
1118,823,V,Troy,38,38,76,3.5,5,-190,2.5
1118,824,H,StThomas,36,42,78,142.5,140.5,170,75.5
1118,825,V,TennMartin,39,29,68,141.5,138.5,1400,73.5
1118,826,H,Mississippi,32,40,72,21.5,19.5,-4000,12.5
1118,827,V,SouthAlabama,33,27,60,130.5,128,500,68.5
1118,828,H,Oklahoma,30,34,64,15,11,-700,7
1118,829,V,Florida,26,50,76,3,7.5,-310,7
1118,830,H,FloridaState,43,24,67,145.5,144.5,260,75
1118,831,V,Villanova,24,47,71,134,130,230,69
1118,832,H,MichiganState,34,39,73,4,6.5,-270,1
1118,833,V,SouthernUtah,39,37,76,149.5,152.5,1500,82
1118,834,H,Kansas,41,41,82,20.5,21.5,-5000,11
1118,835,V,IPFW,24,28,52,141.5,140,500,71.5
1118,836,H,Northwestern,31,29,60,13,11.5,-700,5
1118,837,V,Nevada,26,36,62,4.5,5,-220,1
1118,838,H,UTArlington,18,25,43,140.5,141.5,190,71
1118,839,V,CalSantaBarb,19,35,54,6.5,9,-420,7
1118,840,H,NorthernArizona,26,37,63,138.5,136.5,350,71
1118,841,V,NCWilmington,28,22,50,137.5,134,1200,69.5
1118,842,H,Connecticut,40,46,86,17.5,18,-3000,9
1118,843,V,ArkansasState,25,35,60,137.5,138.5,310,72.5
1118,844,H,UCDavis,31,44,75,6,8.5,-370,3.5
1118,845,V,DenverU,30,40,70,139.5,133.5,155,69.5
1118,846,H,IdahoState,28,41,69,1.5,3.5,-175,3
1118,847,V,CSFullerton,33,37,94,145,151.5,140,77
1118,848,H,Pacific,27,43,91,2,3.5,-160,3.5
1118,849,V,CalPolySLO,19,24,43,132.5,135,900,70.5
1118,850,H,Stanford,47,33,80,15.5,14.5,-1600,3
1118,851,N,QueensNC,34,47,81,7,7.5,-350,5
1118,852,N,WiscGreenBay,35,30,65,140.5,136.5,290,73
1118,853,N,UtahValley,32,36,72,10,10,-600,6.5
1118,854,N,MorganState,35,33,73,138,140.5,450,73.5
1118,855,N,LaSalle,33,30,63,144,142.5,290,74
1118,856,N,WakeForest,35,40,75,7.5,7.5,-350,4
1118,857,N,LoyolaMarymount,32,52,84,150.5,155,160,0.5
1118,858,N,Georgetown,42,24,66,4,4,-180,81.5
1118,859,N,PennState,29,30,59,139,141,130,1
1118,860,N,VirginiaTech,37,24,61,1.5,2.5,-150,75.5
1118,861,N,Furman,27,50,77,8,8.5,-380,7
1118,862,N,OldDominion,34,48,82,139,137.5,320,73
1118,863,V,ColoradoState,27,37,64,2,1,-120,3
1118,864,H,CollCharleston,37,37,74,154,156,100,79
1118,865,N,SouthCarolina,29,31,60,1.5,141,115,72.5
1118,866,N,Davidson,25,44,69,141.5,2,-135,2.5
1118,867,N,Colorado,54,49,103,142.5,142,220,75
1118,868,N,TexasA&M,33,42,75,3.5,6,-260,7.5
1118,869,N,Massachusetts,33,38,71,149,2.5,-140,1.5
1118,870,N,MurrayState,36,33,69,1.5,148.5,120,77.5
1118,871,N,CharlotteU,40,28,68,1.5,2.5,-140,69
1118,872,N,Tulsa,27,38,65,140.5,133,120,2
1118,873,N,BoiseState,31,39,70,129.5,125.5,-105,65.5
1118,874,N,LoyolaChicago,26,22,48,1,1.5,-115,2
1118,875,N,Buffalo,40,32,72,152.5,159.5,700,83
1118,876,N,Drake,33,47,80,9,13.5,-1100,9.5
1118,877,N,Howard,38,33,71,147,154.5,700,78
1118,878,N,Wyoming,32,46,78,12.5,13.5,-1100,9
1118,879,N,TarletonSt,44,45,89,141.5,132.5,170,72
1118,880,N,Belmont,31,50,81,5,4,-190,5.5
1118,881,N,BostonCollege,47,24,71,1,132,135,69.5
1118,882,N,GeorgeMason,21,35,56,135.5,3,-155,6.5
1118,883,N,Baylor,33,46,79,1.5,5,-210,2
1118,884,N,Virginia,30,56,86,135.5,132.5,180,70
1118,885,N,UCLA,37,33,70,3,3.5,-175,76.5
1118,886,N,Illinois,28,51,79,145.5,143.5,155,0.5
1118,887,N,OklahomaState,28,24,56,5,6,-240,1
1118,888,N,CentralFlorida,17,35,60,136.5,133,200,68
1118,889,N,Depaul,28,33,61,3,2.5,-140,4.5
1118,890,N,SantaClara,43,26,69,149.5,154.5,120,81.5
1118,891,V,MountStMarys,28,46,74,134.5,134.5,1000,71
1118,892,H,USC,32,51,83,17,16,-2000,8.5
1118,893,V,,,,,,,NL,
1118,894,H,,,,,,,NL,
1118,306561,V,Rider,27,41,68,2.5,2.5,-145,NL
1118,306562,H,Stetson,37,41,78,138.5,135,125,NL
1118,306563,V,Niagara,33,40,73,4,1.5,-130,72.5
1118,306564,H,CentralArkansas,26,38,64,142,137.5,110,0.5
1118,306565,V,Lafayette,24,39,63,140.5,138.5,-105,0.5
1118,306566,H,MDBaltimoreCo,23,48,71,3.5,1,-115,71.5
1118,306567,V,KennesawSt,46,26,72,4.5,8.5,-350,2.5
1118,306568,H,SELouisiana,34,34,68,149,152.5,290,80
1118,306569,V,Lindenwood,39,32,71,139.5,137.5,-105,73.5
1118,306570,H,Lamar,33,40,73,1.5,1,-115,0.5
1118,306571,V,WesternCarolina,41,47,88,1,150,-105,77
1118,306572,H,McNeeseState,30,39,69,150.5,1,-115,2.5
1118,306573,V,VMI,27,31,58,145.5,138,725,74.5
1118,306574,H,Longwood,46,44,90,6,13.5,-1150,3
1118,306575,V,Duquesne,48,37,85,145,146.5,100,78.5
1118,306576,H,Colgate,34,46,80,4,1,-120,3
1118,306577,V,EasternKentucky,28,34,62,147.5,149.5,175,1.5
1118,306578,H,GeorgiaState,43,18,61,5.5,5,-200,78.5
1118,306579,V,GardnerWebb,29,29,58,137.5,135.5,135,69.5
1118,306580,H,Wofford,23,37,60,5.5,3,-155,3.5
1118,306581,V,Fairfield,23,29,52,133.5,2,-125,2
1118,306582,H,Wagner,37,31,68,2.5,133.5,105,70.5
1118,306583,V,Bucknell,30,31,61,147.5,143,600,74
1118,306584,H,Georgia,30,35,65,11.5,12.5,-900,6.5
1118,306585,V,MDEasternShore,21,43,64,136,137,550,70
1118,306586,H,GeoWashington,31,38,69,11.5,11.5,-800,4
1118,306587,V,Campbell,29,34,63,129.5,125,150,64.5
1118,306588,H,AppalachianSt,24,34,58,4.5,4,-170,4
1118,306589,V,SouthernMiss,39,37,76,133,132.5,500,70.5
1118,306590,H,Liberty,22,50,72,14,11.5,-700,7.5
1118,306591,V,Lipscomb,23,42,65,148,152.5,650,77
1118,306592,H,NotreDame,29,37,66,14.5,12.5,-1000,5.5
1118,306593,V,Bellarmine,28,38,66,133.5,132.5,525,70.5
1118,306594,H,Clemson,33,43,76,13,11.5,-750,5
1118,306595,V,Columbia,32,38,70,140.5,142,170,1
1118,306596,H,Maine,45,48,93,3.5,5,-190,75.5
1118,306597,V,UCSanDiego,23,35,69,133,132,195,68.5
1118,306598,H,Navy,28,30,78,6.5,5.5,-230,3
1118,306599,V,ArkPineBluff,24,34,58,141,132.5,375,69.5
1118,306600,H,ClevelandState,35,32,67,13,9.5,-450,3
1118,306601,V,SIUEdwardsville,34,45,79,4,155,-110,82
1118,306602,H,FairDickinson,36,42,78,146.5,pk,-110,pk
1118,306603,V,Iona,37,34,71,140,2.5,-155,72.5
1118,306604,H,Vermont,28,22,50,pk,137.5,135,1
1118,306605,V,CoastalCarolina,35,43,78,6,4.5,-180,4
1118,306606,H,USCUpstate,43,36,79,144,143.5,160,76.5
1118,306607,V,TexasSouthern,27,29,56,142.5,148,1800,75.5
1118,306608,H,Auburn,29,43,72,21,24.5,-8000,13
1118,306609,V,NorthAlabama,33,35,68,8,10,-500,4.5
1118,306610,H,MissValleySt,31,45,76,141,134.5,400,70.5
1118,306611,V,WesternMichigan,41,49,90,1.5,7.5,-340,4
1118,306612,H,HoustonBaptist,39,45,84,145.5,141.5,280,77.5
1118,306613,V,NCAsheville,34,38,72,6,8.5,-430,1.5
1118,306614,H,TexA&MCommerce,21,43,64,145.5,145,360,74.5
1118,306615,V,Southern,38,36,74,134,132,150,70
1118,306616,H,California,26,40,66,9,4,-170,5
1118,306617,V,JacksonvilleSt,39,23,62,147.5,149.5,1800,80.5
1118,306618,H,Alabama,51,53,104,17,21.5,-8000,9.5
1118,306619,V,Grambling,15,33,48,133.5,134.5,700,70.5
1118,306620,H,GrandCanyon,42,39,81,14.5,13.5,-1100,2.5
1118,306621,V,Merrimack,25,26,51,132.5,129.5,450,67.5
1118,306622,H,Montana,25,37,62,7.5,10.5,-600,6
1118,306623,V,HighPoint,36,32,68,138,139,550,74
1118,306624,H,UNLV,33,45,78,12.5,12,-800,6.5
1119,601,V,Elon,27,36,63,152.5,158,2000,80.5
1119,602,H,NCState,37,37,74,22.5,25.5,-6000,11.5
1119,603,V,RobertMorris,21,30,51,134.5,134.5,1500,69.5
1119,604,H,Dayton,30,30,60,22,20.5,-5000,8.5
1119,605,V,Northeastern,25,23,48,141,137.5,900,72
1119,606,H,Syracuse,39,37,76,16.5,15,-1600,5.5
1119,607,V,ChicagoSt,28,31,59,145.5,148,1500,80
1119,608,H,KentState,56,32,88,22.5,20.5,-5000,8.5
1119,609,V,BowlingGreen,26,42,68,145,144.5,300,75.5
1119,610,H,St.Bonaventure,33,48,81,11.5,7.5,-360,2.5
1119,611,V,EasternMichigan,36,46,90,155.5,161,155,0.5
1119,612,H,Oakland,45,37,92,5.5,4,-175,86
1119,613,V,Evansville,21,26,47,137,136,700,66.5
1119,614,H,SMU,17,38,55,14.5,12.5,-1100,8
1119,615,V,MiddleTennSt,22,29,51,139,138.5,120,4
1119,616,H,MissouriSt,41,34,75,2,2,-140,70.5
1119,617,V,SEMissouriSt,36,24,60,146.5,147.5,600,76.5
1119,618,H,Bradley,42,31,73,12.5,12.5,-900,5.5
1119,619,V,SanJoseState,41,39,80,143.5,140,180,75
1119,620,H,No.Colorado,41,28,69,4,5,-210,3
1119,621,V,IllinoisChicago,40,25,65,138.5,136,290,72
1119,622,H,Fordham,33,46,79,6,7.5,-350,5
1119,623,V,UtahTech,46,35,81,5,4,-170,76
1119,624,H,IdahoU,36,35,71,142.5,146.5,150,0.5
1119,625,V,FresnoState,28,24,52,117.5,114.5,240,61.5
1119,626,H,NorthTexas,31,30,61,5,6.5,-280,3
1119,627,V,WesternMichigan,41,47,88,144.5,148.5,170,82
1119,628,H,Rice,41,55,96,4.511,4.5,-190,3
1119,629,V,DetroitU,20,35,55,151.5,151.5,475,76.5
1119,630,H,FlaAtlantic,42,34,76,12,10.5,-650,2
1119,631,V,UCSanDiego,37,17,54,150,148.5,250,78.5
1119,632,H,YoungstownState,32,41,73,5,7.5,-300,5
1119,633,V,TheCitadel,22,20,42,143.5,140.5,1400,74
1119,634,H,Butler,53,36,89,16,17.5,-4000,3.5
1119,635,V,Princeton,36,26,62,6.5,6.5,-280,71.5
1119,636,H,Marist,19,36,55,143.5,141,240,pk
1119,637,V,NewMexicoState,,,,149.5,153,220,
1119,638,H,NewMexico,,,,6,6.5,-260,
1119,639,V,StephenF.Austin,44,49,93,148,149,275,78.5
1119,640,H,SouthDakotaState,41,41,82,7,7.5,-335,5.5
1119,641,V,CalIrvine,30,25,55,143.5,144,125,73.5
1119,642,H,Pepperdine,29,35,64,pk,3,-145,2
1119,643,V,SeattleU,36,44,80,150,149.5,150,80.5
1119,644,H,PortlandU,42,26,68,5.5,3.5,-170,0.5
1119,645,V,Hofstra,18,30,48,139,139,750,73
1119,646,H,SaintMarysCA,34,42,76,13,14,-1200,4
1119,647,V,VMI,27,40,67,148.5,148.5,220,1
1119,648,H,SIUEdwardsville,46,47,93,1,6.5,-260,78.5
1119,649,V,Troy,26,47,73,135,133,115,1
1119,650,H,Montana,32,30,62,1,2,-135,70
1119,651,V,PortlandState,37,42,79,145,147.5,290,77.5
1119,652,H,OregonState,33,33,66,7.5,7.5,-350,6
1119,653,N,Maryland,51,44,95,144,144.5,125,76
1119,654,N,SaintLouis,27,40,67,pk,2.5,-145,5.5
1119,655,N,Providence,26,38,64,141.5,141.5,125,2
1119,656,N,MiamiFlorida,38,36,74,pk,2.5,-145,74.5
1119,657,N,Buffalo,29,30,59,3,4.5,-200,1.5
1119,658,N,Howard,24,39,63,157,157.5,175,79.5
1119,659,N,Belmont,30,36,66,144,145.5,135,75
1119,660,N,GeorgeMason,26,36,62,4,3,-155,2.5
1119,306633,V,CentralArkansas,41,49,90,151.5,152,290,81.5
1119,306634,H,Rider,39,46,85,7.5,7.5,-350,6
1119,306635,V,CentralConn,17,33,50,131.5,128,130,0.5
1119,306636,H,Lafayette,31,24,55,3.5,3.5,-150,67
1119,306637,V,Lamar,43,42,91,140.5,140,350,75.5
1119,306638,H,WesternCarolina,42,43,98,6,8,-420,4.5
1119,306639,V,Stetson,29,33,62,128.5,4,-180,3
1119,306640,H,Niagara,31,35,66,pk,127,160,67.5
1119,306641,V,Winthrop,31,37,68,145.5,146,150,77
1119,306642,H,Mercer,40,37,77,3,3.5,-170,0.5
1119,306643,V,SacredHeart,29,46,75,148,148.5,170,77.5
1119,306644,H,Binghamton,24,36,60,5,4.5,-190,3.5
1119,306645,V,St.Peter's,38,20,58,7.5,4,-180,2
1119,306646,H,St.FrancisNY,35,26,61,133.5,132,160,71
1119,306647,V,Lindenwood,35,43,78,150,149,265,77.5
1119,306648,H,McNeeseState,27,33,60,7,7,-320,5.5
1119,306649,V,TexasA&MCommerce,23,30,53,141.5,136.5,275,69.5
1119,306650,H,GeorgiaState,30,27,57,9.5,9.5,-335,4
1119,306651,V,Army,38,29,67,147.5,1.5,-125,0.5
1119,306652,H,William&Mary,36,40,76,1,152,105,79
1119,306653,V,SELouisiana,22,48,70,139.5,133.5,245,70.5
1119,306654,H,Campbell,30,39,69,4,6.5,-290,2
1119,306655,V,American,24,34,58,130.5,127,150,67.5
1119,306656,H,NJIT,19,34,53,pk,3.5,-170,2.5
1119,306657,V,GardnerWebb,21,45,66,6,7,280,6.5
1119,306658,H,N.CarolinaA&T,30,34,64,138,137.5,-340,71.5
1119,306659,V,FairDickinson,37,46,83,146,150,500,78.5
1119,306660,H,Longwood,47,52,99,12.5,11.5,-700,3.5
1119,306661,V,SoCarolinaSt,32,34,66,150,154,1100,80.5
1119,306662,H,NorthFlorida,28,44,72,11,16.5,-2500,9.5
1119,306663,V,NCAsheville,30,45,75,2.5,3,130,3.5
1119,306664,H,EasternKentucky,43,34,77,150.5,152.5,-150,80.5
1119,306665,V,NorfolkSt,42,47,89,8.5,12,-900,67
1119,306666,H,AlabamaA&M,38,45,83,134.5,142.5,600,2.5
1119,306667,V,Bryant,43,48,91,156.5,4.5,-190,4.5
1119,306668,H,FloridaIntl,51,34,85,1,170,170,91.5
1119,306669,V,CoppinState,32,35,67,158.5,167.5,550,87.5
1119,306670,H,Marshall,47,39,86,13.5,11.5,-800,3.5
1119,306671,V,StThomas,37,35,72,2,5,-215,2
1119,306672,H,Merrimack,34,27,61,136.5,133.5,185,72
1119,306673,V,KennesawSt,28,43,71,139.5,134.5,130,70.5
1119,306674,H,AppalachianSt,28,39,67,4.5,3,-150,2
1119,306675,V,Stonehill,33,48,81,145.5,151,110,79.5
1119,306676,H,HolyCross,34,45,79,3,2,-130,1.5
1119,306677,V,GeorgiaSouthern,47,37,84,2,4.5,-180,74.5
1119,306678,H,HoustonBaptist,28,49,77,141.5,140.5,160,1.5
1119,306679,V,IncarnateWord,26,38,64,138,140.5,1200,72.5
1119,306680,H,Valparaiso,29,39,68,14.5,17,-3000,9
1119,306681,V,NichollsState,40,33,73,148.5,156.5,900,83
1119,306682,H,BYU,37,50,87,17.5,14,-1600,8.5
1120,667,V,JamesMadison,26,38,64,157,165.5,550,84
1120,668,H,NorthCarolina,45,35,80,12,12.5,-800,3
1120,669,V,WesternCarolina,28,52,90,7,7,-320,5.5
1120,670,H,Lindenwood,38,42,88,146.5,142.5,265,74
1120,671,V,WesternMichigan,27,30,57,144.5,1.5,-125,3
1120,672,H,GeorgiaSouthern,37,26,63,2,139.5,105,72
1120,673,V,MontanaState,37,44,81,7.5,10,-450,3.5
1120,674,H,NorthDakota,27,44,71,138.5,135.5,375,70.5
1120,675,V,Siena,27,32,59,139,134,145,0.5
1120,676,H,Harvard,35,34,69,5,3.5,-165,70.5
1120,677,V,ETennesseeSt,30,32,62,7,7.5,-280,5
1120,678,H,TennesseeTech,33,36,69,147,145.5,240,76
1120,679,V,N.CarolinaA&T,30,34,64,141.5,136,400,71
1120,680,H,Wofford,41,37,78,10,10,-500,3
1120,681,V,VaCommonwealth,16,31,47,138,136,425,69
1120,682,H,MemphisU,30,32,62,9,10.5,-550,2.5
1120,683,V,MiamiOhio,26,30,56,147.5,148.5,2000,77
1120,684,H,IndianaU,43,43,86,25,28,-8000,12.5
1120,685,V,WiscMilwaukee,26,27,53,134.5,135,1800,71
1120,686,H,IowaState,37,31,68,24,23.5,-8000,10.5
1120,687,V,Ohio,31,32,66,148.5,146.5,850,76
1120,688,H,Michigan,33,30,70,15.5,15,-1500,7.5
1120,689,V,Kentucky,25,47,72,155.5,155.5,155,2
1120,690,H,Gonzaga,41,47,88,3,4,-175,80.5
1120,691,V,HoustonU,31,35,66,6.5,7,-300,3
1120,692,H,Oregon,24,32,56,133,132,250,69
1120,693,V,MountStMarys,30,43,73,129.5,126,130,67
1120,694,H,CalPolySLO,26,42,68,1.5,2.5,-150,2
1120,695,V,Furman,38,41,79,5,7,-300,2
1120,696,H,SouthCarolina,31,29,60,142.5,141,250,73.5
1120,697,V,OldDominion,23,38,61,139,135,145,1
1120,698,H,Davidson,32,34,66,4,3.5,-165,69.5
1120,699,V,VirginiaTech,30,45,75,6.5,6,-280,5
1120,700,H,CollCharleston,35,42,77,153.5,152,240,81.5
1120,701,N,PennState,33,35,68,5,5,-210,71
1120,702,N,ColoradoState,21,35,56,134.5,135.5,180,1.5
1120,703,N,MurrayState,41,36,77,2,3.5,-160,76
1120,704,N,Tulsa,28,32,60,147.5,144.5,140,1
1120,705,N,Massachusetts,38,22,60,2.5,133,110,68.5
1120,706,N,CharlotteU,28,26,54,134,1.5,-130,3
1120,707,N,TexasA&M,33,34,67,5,5.5,-230,0.5
1120,708,N,LoyolaChicago,22,29,51,138,136,195,67.5
1120,709,N,Colorado,33,22,55,3,2,-130,3
1120,710,N,BoiseState,41,27,68,138,141,110,74.5
1120,711,N,LaSalle,21,41,62,145,144,145,3
1120,712,N,Georgetown,41,28,69,2.5,4,-165,77
1120,713,N,WakeForest,25,40,75,2.5,6,-250,5.5
1120,714,N,LoyolaMarymount,35,30,77,148,151,210,73.5
1120,715,N,QueensNC,37,37,74,2.5,3,-150,74.5
1120,716,N,MorganState,25,39,64,146.5,149,130,2.5
1120,717,N,WiscGreenBay,23,33,56,128,127,550,66.5
1120,718,N,UtahValley,33,46,79,14,12,-800,4.5
1120,719,N,Maryland,47,41,88,2,1,-120,76
1120,720,N,MiamiFlorida,34,36,70,142,143,100,3
1120,721,N,SaintLouis,30,46,76,1,2.5,-140,2.5
1120,722,N,Providence,36,37,73,147,149.5,120,77.5
1120,723,N,Virginia,29,41,70,1.5,133,120,70
1120,724,N,Illinois,31,30,61,135,3,-140,0.5
1120,725,N,Baylor,37,43,80,2.5,2.5,-140,1
1120,726,N,UCLA,35,40,75,153,147,120,80
1120,727,N,CentralFlorida,25,32,57,2.5,3,-160,68
1120,728,N,SantaClara,16,34,50,140,137,140,0.5
1120,729,N,OklahomaState,44,38,82,4.5,7.5,-340,1.5
1120,730,N,Depaul,36,42,78,137.5,136.5,280,73.5
1120,731,N,Drake,34,27,61,2.5,5,-210,75
1120,732,N,Wyoming,18,38,56,145.5,147.5,180,2
1120,733,N,TarletonSt,35,35,70,136,133.5,140,68.5
1120,734,N,BostonCollege,19,35,54,5.5,3.5,-160,4.5
1120,306691,V,Campbell,31,54,85,134.5,130.5,-110,0.5
1120,306692,H,KennesawSt,34,27,61,1.5,pk,-110,69.5
1120,306693,V,CentralConn,35,41,76,142,139.5,200,74.5
1120,306694,H,MDBaltimoreCo,34,44,78,6,6,-240,3.5
1120,306695,V,BostonU,25,39,64,3,6,-260,4.5
1120,306696,H,NewHampshire,26,31,57,139,138,220,71.5
1120,306697,V,TexA&MCommerce,36,39,75,146.5,142,260,75
1120,306698,H,EasternKentucky,33,28,61,6,7,-310,4
1120,306699,V,Army,47,28,75,141,141.5,135,76
1120,306700,H,Radford,37,53,90,1,3,-155,4
1120,306701,V,AlabamaState,34,20,54,143,148,1400,78
1120,306702,H,Pittsburgh,31,42,73,20,20,-4000,10.5
1120,306703,V,Lamar,24,33,57,145,141.5,265,72
1120,306704,H,McNeeseState,26,40,66,5.5,7.5,-320,3.5
1120,306705,V,SELouisiana,35,39,74,141,131.5,260,72
1120,306706,H,AppalachianSt,30,53,83,8,7.5,-310,4.5
1120,306707,V,TexasSouthern,28,35,63,150.5,149.5,350,78.5
1120,306708,H,Samford,43,35,78,10,9,-420,2.5
1120,306709,V,Wagner,22,22,44,134,133.5,1200,69.5
1120,306710,H,SetonHall,35,47,82,16,19,-3000,8.5
1120,306711,V,PrairieViewA&M,36,43,79,144.5,146.5,155,77.5
1120,306712,H,TennMartin,37,43,80,3,4,-175,2.5
1120,306713,V,ArkPineBluff,39,19,58,147,142,1200,74.5
1120,306714,H,Nebraska,36,46,82,20.5,18.5,-3000,11.5
1120,306715,V,NCAsheville,30,38,68,140.5,1.5,-125,1
1120,306716,H,GeorgiaState,29,45,74,2.5,133,105,68.5
1120,306717,V,VMI,41,48,89,152,150,190,81
1120,306718,H,FairDickinson,52,41,93,2,5,-220,0.5
1120,306719,V,YoungstownState,35,32,67,142,3,-150,4
1120,306720,H,Navy,45,35,80,pk,139.5,130,75
1120,306721,V,SIUEdwardsville,35,26,61,151.5,146,425,76
1120,306722,H,Longwood,27,29,56,10,10,-550,9
1120,306723,V,DelawareState,24,36,60,134,134,NL,71.5
1120,306724,H,Connecticut,57,38,95,33,33,NL,10.5
1120,306725,V,MissValleySt,37,25,62,146,147,NL,78
1120,306726,H,Missouri,40,43,83,30.5,33.5,NL,18.5
1120,306727,V,JacksonState,41,50,91,143.5,146.5,110,78
1120,306728,H,ArkansasLR,37,57,94,2,2,-130,2.5