team,first_appearance,last_appearance,total_appearances
UNC,20101112,20250128,524
Kansas,20101112,20250128,523
Oregon,20101112,20250130,516
Duke,20101114,20250127,513
Kentucky,20101112,20250128,512
Gonzaga,20101112,20250128,512
Michigan State,20101112,20250128,509
Wisconsin,20101114,20250129,507
Arizona,20101114,20250127,506
Michigan,20101113,20250127,505
Creighton,20101112,20250129,505
Purdue,20101114,20250131,502
Ohio State,20101112,20250130,501
Florida,20101112,20250125,501
Villanova,20101112,20250124,500
VCU,20101112,20250128,499
San Diego State,20101113,20250128,499
Alabama,20101112,20250129,498
UConn,20101112,20250129,498
Colorado,20101112,20250128,497
UCLA,20101112,20250130,496
Syracuse,20101112,20250129,495
BYU,20101112,20250128,495
Baylor,20101112,20250128,493
Texas,20101108,20250129,491
Louisville,20101116,20250128,490
Xavier,20101112,20250129,490
Tennessee,20101112,20250128,490
Illinois,20101108,20250130,490
Mercer,20101112,20250129,489
Cincinnati,20101115,20250128,489
Iowa,20101114,20250127,489
UC-Irvine,20101108,20250130,489
Oakland,20101112,20250130,489
NC State,20101112,20250127,489
Notre Dame,20101112,20250128,488
Arkansas,20101118,20250125,488
Indiana,20101112,20250131,488
Liberty,20101112,20250130,487
Virginia,20101112,20250129,487
Iowa State,20101112,20250127,487
Wichita State,20101116,20250129,487
Saint Mary's,20101112,20250129,487
West Virginia,20101112,20250129,487
Memphis,20101112,20250130,487
Maryland,20101108,20250129,487
Miami (FL),20101112,20250122,486
Butler,20101113,20250131,486
Morehead State,20101112,20250130,486
Houston,20101112,20250129,486
UAB,20101113,20250129,485
Marquette,20101112,20250128,485
Florida State,20101112,20250129,485
Wright State,20101114,20250130,485
Kansas State,20101112,20250129,485
Valparaiso,20101112,20250128,485
Kent State,20101112,20250131,483
South Dakota State,20101112,20250130,483
Louisiana Tech,20101110,20250125,483
Utah State,20101113,20250129,483
Sam Houston State,20101113,20250125,482
TCU,20101112,20250129,482
Akron,20101112,20250131,482
Vanderbilt,20101112,20250125,482
ETSU,20101112,20250129,482
Western Kentucky,20101112,20250130,482
USC,20101113,20250127,482
Belmont,20101116,20250129,481
Texas Southern,20101113,20250127,481
Vermont,20101113,20250130,481
Bradley,20101112,20250129,481
Minnesota,20101112,20250128,481
Marshall,20101112,20250130,481
Middle Tennessee,20101112,20250130,481
Providence,20101113,20250128,480
Robert Morris,20101113,20250130,479
UNC Greensboro,20101112,20250129,479
Penn State,20101112,20250130,479
Drake,20101113,20250129,479
Mississippi State,20101112,20250129,479
Dayton,20101113,20250131,478
Texas A&M,20101112,20250128,478
Norfolk State,20101112,20250125,478
Cleveland State,20101112,20250130,478
Wofford,20101112,20250129,478
San Francisco,20101112,20250125,478
Ole Miss,20101112,20250129,477
Stanford,20101115,20250129,477
Texas Tech,20101112,20250129,477
Old Dominion,20101112,20250129,477
Nevada,20101113,20250129,477
Pitt,20101108,20250128,477
Richmond,20101112,20250129,477
Loyola (IL),20101112,20250129,476
Clemson,20101112,20250125,476
Toledo,20101110,20250128,476
Virginia Tech,20101112,20250129,476
Oklahoma State,20101113,20250129,476
Washington State,20101113,20250130,476
Fairfield,20101113,20250131,475
Colorado State,20101113,20250128,475
Northern Iowa,20101112,20250129,475
Furman,20101112,20250129,475
North Texas,20101112,20250129,475
Coastal Carolina,20101112,20250130,475
Chattanooga,20101112,20250129,475
Boise State,20101113,20250129,475
California,20101116,20250129,475
Illinois State,20101114,20250129,475
Long Beach State,20101113,20250130,475
Ohio,20101113,20250128,475
Georgia,20101112,20250128,474
Auburn,20101112,20250129,474
Louisiana,20101112,20250130,474
Seton Hall,20101112,20250128,474
Iona,20101112,20250131,474
Longwood,20101112,20250129,474
Evansville,20101113,20250129,474
Missouri,20101118,20250125,473
Hofstra,20101113,20250130,473
New Mexico,20101113,20250125,473
College of Charleston,20101110,20250130,473
Wyoming,20101113,20250128,473
Green Bay,20101113,20250130,473
Indiana State,20101112,20250129,472
Santa Clara,20101112,20250129,472
UNLV,20101112,20250129,472
Oklahoma,20101112,20250128,472
Eastern Washington,20101112,20250130,472
Stony Brook,20101112,20250130,472
Radford,20101113,20250129,472
Gardner-Webb,20101112,20250129,472
Saint Louis,20101112,20250131,472
Washington,20101113,20250124,472
Purdue-Fort Wayne,20101112,20250130,472
St. John's (NY),20101116,20250128,471
Oral Roberts,20101112,20250129,471
Western Carolina,20101112,20250129,471
Montana,20101113,20250130,471
Utah,20101112,20250128,471
Eastern Kentucky,20101112,20250130,471
LSU,20101112,20250129,471
Murray State,20101115,20250129,471
New Mexico State,20101112,20250130,470
Florida Gulf Coast,20101112,20250129,470
Milwaukee,20101112,20250124,470
North Florida,20101112,20250129,470
Southern Miss,20101112,20250129,470
Rice,20101112,20250128,470
Missouri State,20101112,20250129,470
Northwestern,20101112,20250129,470
UT Arlington,20101112,20250130,469
Oregon State,20101114,20250128,469
Youngstown State,20101112,20250130,469
Weber State,20101113,20250130,469
UNC Asheville,20101112,20250129,468
North Dakota State,20101112,20250130,468
Texas State,20101112,20250130,468
Campbell,20101112,20250130,468
Nebraska,20101112,20250130,468
USC Upstate,20101113,20250129,467
Fresno State,20101112,20250128,467
Bowling Green State,20101112,20250128,467
South Florida,20101112,20250128,466
Georgia Tech,20101112,20250128,466
North Dakota,20101112,20250125,466
Hampton,20101115,20250130,466
Buffalo,20101113,20250128,466
Arizona State,20101116,20250128,466
Texas A&M-Corpus Christi,20101113,20250127,466
George Mason,20101113,20250129,466
Rutgers,20101112,20250129,466
UIC,20101110,20250129,466
UTEP,20101112,20250130,466
St. Joseph's,20101112,20250129,465
Austin Peay,20101112,20250130,465
SMU,20101112,20250129,465
North Carolina A&T,20101112,20250130,465
Monmouth,20101116,20250130,465
Eastern Michigan,20101112,20250128,464
Boston University,20101112,20250127,464
Southern Illinois,20101113,20250128,464
Boston College,20101112,20250125,464
Lipscomb,20101112,20250130,464
South Carolina,20101112,20250128,463
UTSA,20101112,20250129,463
James Madison,20101112,20250130,463
Stephen F. Austin,20101112,20250127,463
Georgia Southern,20101112,20250130,463
Georgetown,20101112,20250131,463
Davidson,20101113,20250125,463
Bucknell,20101112,20250129,463
Samford,20101112,20250129,463
Western Michigan,20101112,20250128,463
Florida Atlantic,20101112,20250129,463
Rhode Island,20101108,20250129,463
Georgia State,20101116,20250130,462
Temple,20101112,20250129,462
Portland,20101112,20250130,462
George Washington,20101116,20250129,462
Little Rock,20101112,20250130,462
Colgate,20101113,20250129,461
Towson,20101112,20250130,461
Arkansas State,20101112,20250129,460
Pepperdine,20101112,20250130,460
Central Michigan,20101112,20250128,460
Stetson,20101112,20250129,459
Tennessee Tech,20101112,20250130,459
La Salle,20101112,20250129,459
Jacksonville State,20101113,20250130,459
Wake Forest,20101112,20250128,459
Prairie View,20101112,20250127,459
Appalachian State,20101112,20250129,459
Northern Colorado,20101112,20250125,459
Winthrop,20101113,20250129,459
Albany (NY),20101112,20250123,459
South Alabama,20101112,20250130,459
Lamar,20101112,20250127,459
Utah Valley,20101112,20250125,459
Detroit,20101113,20250122,459
UT-Martin,20101112,20250121,459
Southeast Missouri State,20101113,20250130,459
Florida International,20101112,20250130,458
VMI,20101112,20250129,458
Rider,20101112,20250131,458
St. Peter's,20101113,20250131,458
Idaho,20101113,20250130,458
South Dakota,20101112,20250129,458
Delaware,20101113,20250130,458
Northern Arizona,20101112,20250125,458
High Point,20101113,20250125,458
UMBC,20101114,20250130,458
UNC Wilmington,20101112,20250130,458
Presbyterian,20101112,20250129,457
St. Bonaventure,20101112,20250128,457
Northeastern,20101112,20250130,457
Elon,20101112,20250130,457
Montana State,20101112,20250130,457
Miami (OH),20101112,20250128,457
Mount St. Mary's,20101113,20250131,456
Troy,20101112,20250130,456
DePaul,20101114,20250129,456
East Carolina,20101112,20250125,456
UCF,20101112,20250128,456
Southern Utah,20101115,20250130,455
Arkansas-Pine Bluff,20101113,20250127,455
Southeastern Louisiana,20101112,20250127,455
San Diego,20101112,20250130,455
UMass,20101112,20250129,455
Tulsa,20101112,20250129,455
Louisiana-Monroe,20101112,20250130,454
Jacksonville,20101112,20250129,454
Niagara,20101117,20250131,454
Cal State Northridge,20101112,20250130,454
Cal State Bakersfield,20101112,20250130,454
Siena,20101113,20250131,453
Southern,20101112,20250118,453
Mississippi Valley State,20101112,20250127,453
Pacific,20101112,20250130,453
UCSB,20101112,20250130,453
Drexel,20101112,20250130,453
Loyola Marymount,20101112,20250130,453
Seattle,20101108,20250130,453
Tennessee State,20101112,20250130,452
LIU,20101112,20250130,452
Tulane,20101112,20250130,451
UC-Riverside,20101112,20250130,451
North Carolina Central,20101112,20250125,450
Quinnipiac,20101113,20250131,450
Grambling,20101112,20250127,450
McNeese State,20101113,20250120,450
Hawaii,20101112,20250123,450
Texas-Rio Grande Valley,20101112,20250120,450
Duquesne,20101113,20250129,450
Canisius,20101112,20250131,450
Charleston Southern,20101112,20250129,449
Ball State,20101114,20250128,449
Kennesaw State,20101112,20250130,449
Northwestern State,20101112,20250127,449
Charlotte,20101112,20250129,449
Bryant,20101112,20250130,449
Jackson State,20101112,20250127,448
Holy Cross,20101113,20250127,448
Cal State Fullerton,20101112,20250125,448
Air Force,20101114,20250128,448
Nicholls State,20101112,20250127,447
Manhattan,20101113,20250131,447
William & Mary,20101112,20250130,447
Eastern Illinois,20101112,20250130,447
Fairleigh Dickinson,20101118,20250120,447
Denver,20101112,20250130,447
Alcorn State,20101112,20250127,446
Portland State,20101112,20250130,446
Cal Poly,20101114,20250130,446
Loyola (MD),20101112,20250129,446
Alabama State,20101112,20250127,445
Northern Illinois,20101112,20250128,445
Army,20101112,20250129,445
San Jose State,20101112,20250128,445
Delaware State,20101113,20250125,444
Coppin State,20101112,20250125,444
Marist,20101116,20250131,443
Sacred Heart,20101113,20250125,443
Saint Francis (PA),20101112,20250120,443
Lafayette,20101112,20250129,443
UC-Davis,20101112,20250130,443
Navy,20101108,20250129,443
Howard,20101112,20250125,442
South Carolina State,20101113,20250125,442
NJIT,20101113,20250130,442
Central Arkansas,20101113,20250129,442
Lehigh,20101112,20250129,442
Central Connecticut,20101113,20250130,441
Fordham,20101112,20250129,438
Binghamton,20101113,20250130,438
Bethune-Cookman,20101113,20250127,438
Chicago State,20101112,20250126,438
Wagner,20101112,20250130,437
Morgan State,20101112,20250125,437
Idaho State,20101112,20250130,436
Sacramento State,20101114,20250130,436
American,20101112,20250129,435
New Hampshire,20101113,20250130,435
SIU-Edwardsville,20101112,20250123,435
Florida A&M,20101112,20250127,432
Western Illinois,20101112,20250130,431
IUPUI,20101114,20240305,428
Alabama A&M,20101113,20250127,427
Maine,20101112,20250130,424
Maryland-Eastern Shore,20101112,20250125,417
Yale,20101113,20250131,415
Omaha,20111112,20250129,409
Princeton,20101112,20250131,406
Hartford,20101113,20230219,402
Penn,20101113,20250131,399
Harvard,20101113,20250131,398
Columbia,20101112,20250131,396
Brown,20101112,20250131,396
Northern Kentucky,20121114,20250130,395
St. Francis (NY),20101112,20230301,394
Cornell,20101112,20250131,389
New Orleans,20101214,20250127,388
Dartmouth,20101113,20250131,381
Grand Canyon,20101112,20250130,371
Abilene Christian,20131109,20250130,368
Houston Baptist,20101113,20220310,360
UMass-Lowell,20131108,20250123,348
UMKC,20101112,20211122,345
Incarnate Word,20131109,20250127,341
Citadel,20101112,20210306,337
Savannah State,20101112,20190311,284
California Baptist,20101115,20250130,207
North Alabama,20110105,20250129,200
Merrimack,20191106,20250131,167
Tarleton State,20201125,20250130,139
Bellarmine,20201204,20250130,139
UC-San Diego,20141115,20250123,128
St. Thomas,20211109,20250129,117
The Citadel,20211109,20250129,113
Kansas City,20211127,20250130,112
Queens (NC),20101113,20250123,88
Lindenwood,20181124,20250130,87
Utah Tech,20221107,20250130,84
Stonehill,20221107,20250130,84
Southern Indiana,20221107,20250128,83
Houston Christian,20221107,20250127,80
Texas A&M-Commerce,20181106,20241106,72
San Diego Christian,20101126,20221222,58
Carver College,20101115,20211229,57
Le Moyne,20181205,20250130,55
Dixie State,20181229,20220305,53
Bethesda University (CA),20141114,20221202,53
Centenary (LA),20101112,20221107,47
Champion Christian,20101123,20221203,43
Central Pennsylvania College,20101129,20191229,41
Johnson & Wales (NC),20101112,20221211,36
Milligan,20101127,20221114,36
Toccoa Falls,20101130,20230103,35
Trinity Baptist,20110217,20221219,35
Chaminade,20101122,20221107,34
Louisiana College,20101115,20221212,33
Montreat,20101116,20221217,32
Howard Payne,20101112,20221128,32
Hiwassee,20101216,20181216,29
Our Lady of the Lake,20101124,20221205,29
St. Katherine,20131207,20221119,29
Spring Hill,20101112,20221219,29
Dallas Christian,20101221,20221203,29
St. Andrews,20121110,20221203,28
Arlington Baptist,20101116,20221203,27
Northern New Mexico,20101127,20221218,27
Piedmont,20101112,20221207,26
Jarvis Christian,20101209,20221219,26
Rochester (MI),20101220,20210208,26
Warren Wilson,20101122,20221218,25
Greensboro,20101126,20221126,25
Loyola (LA),20101127,20221129,25
Allen,20101127,20221219,25
Alaska-Anchorage,20101125,20181106,25
Webber,20101129,20221210,25
Mercyhurst,20201210,20250130,25
Huston-Tillotson,20101112,20221229,24
Ecclesia,20101204,20221217,24
Life Pacific,20151220,20221219,23
Columbia International,20131108,20221130,23
IU Indy,20241104,20250130,23
North Carolina Wesleyan,20101116,20211124,23
Reinhardt,20101118,20191202,23
Brescia,20101228,20221123,23
Oakland City,20101113,20221110,22
Blue Mountain College,20111112,20221114,22
Fisk,20101115,20221128,22
West Georgia,20241104,20250129,22
Western Colorado,20101113,20221110,21
VULYN,20231109,20250118,21
Florida National University,20131114,20221114,21
Mars Hill,20111116,20221130,21
Bob Jones University,20131125,20221219,20
Brevard,20111121,20221210,20
Paul Quinn,20111201,20221211,19
East Texas A&M,20241108,20250127,19
Kentucky Christian,20101208,20221222,19
Edward Waters,20101113,20221213,19
Regent,20181113,20230202,19
Crowley's Ridge,20101230,20221219,18
Mobile,20101227,20221127,18
St. Thomas (TX),20101112,20221110,18
Mid-Atlantic Christian,20141202,20221110,18
Lyon,20101112,20221114,17
Ave Maria,20111114,20221113,17
St. Francis (IL),20101112,20221114,17
Holy Names,20101201,20221213,17
William Carey,20121114,20221126,17
William Jessup,20101120,20221115,17
Fresno Pacific,20101231,20221107,17
North Greenville,20101112,20221211,17
Virginia Wise,20101116,20191113,17
Central Baptist,20101202,20221114,17
LeTourneau,20111111,20221114,16
Fort Valley State,20111111,20211201,16
St. Edward's,20101127,20181213,16
Florida College,20131112,20221229,16
Trinity Christian,20121129,20221206,16
Mayville State,20101120,20191214,16
Texas Lutheran,20101112,20221207,16
Florida Memorial,20101112,20211109,16
Colorado Christian,20101116,20221214,16
Dillard,20101201,20221219,16
Eureka,20111123,20221216,15
Walla Walla,20111203,20221110,15
Campbellsville,20131126,20221114,15
Southern-New Orleans,20101129,20221123,15
Benedictine,20160209,20221126,15
Alice Lloyd,20111115,20221204,14
Menlo,20111111,20221123,14
Fisher College,20121206,20221107,14
Antelope Valley,20151119,20221216,14
Brewton-Parker,20101112,20221114,14
Rust,20111220,20221215,14
Indiana-Kokomo,20111119,20211212,14
Montana Tech,20101119,20211219,14
Judson,20101127,20201206,14
Middle Georgia State,20141204,20221206,14
McMurry,20101218,20221115,14
San Francisco State,20101115,20221107,14
Louisiana State-Alexandria,20141116,20221210,14
Washington College,20101221,20221218,14
St. Mary's (MD),20101206,20230102,14
Lyndon State,20110108,20221201,14
Thomas University,20131209,20191228,14
Goucher,20131113,20230104,13
Bridgewater (VA),20111112,20221114,13
Louisiana State-Shreveport,20110104,20211214,13
Great Falls,20101119,20171220,13
BETH,20231106,20241230,13
Sonoma State,20121110,20221218,13
Siena Heights,20121228,20191118,13
Pacific Union,20111204,20191214,13
Schreiner,20111113,20221216,13
Hannibal-LaGrange,20101211,20221110,13
La Verne,20101213,20221110,13
Western New Mexico,20101115,20221206,13
CCT,20231106,20241215,13
La Sierra,20101114,20221129,13
Vanguard,20101117,20221115,13
Texas-Tyler,20101116,20181110,13
Harris-Stowe,20111111,20221115,12
Shenandoah,20101216,20211109,12
Johnson University,20131108,20221210,12
Hawaii-Hilo,20111216,20211113,12
Tennessee Wesleyan,20101115,20221110,12
Urbana,20101115,20191120,12
Oakwood,20101216,20221107,12
Covenant,20111111,20221121,12
Bluefield College (VA),20101221,20211208,12
UC-Merced,20111111,20221118,12
Trevecca Nazarene,20111128,20221206,12
Kean,20101113,20221223,12
Bethel (TN),20101215,20221213,12
Wiley,20110103,20221203,12
Washington Adventist,20101113,20191230,12
West Alabama,20101113,20181118,12
Roosevelt,20101115,20211207,12
Northwest University,20120214,20211222,12
Ferrum,20101113,20211109,12
Indiana-Northwest,20101112,20191118,12
Northland,20141228,20211214,11
Presentation College,20121213,20211130,11
Methodist,20101114,20221111,11
Cal Lutheran,20101207,20211211,11
Texas A&M-International,20101119,20211109,11
Cairn,20121112,20221130,11
Hardin-Simmons,20101122,20221115,11
Lees-McRae,20111111,20221115,11
Pacific Lutheran,20111216,20221123,11
Mississippi College,20111113,20221107,11
Southern Wesleyan,20111129,20201206,11
Coastal Georgia,20111212,20221125,11
West Coast Baptist,20161112,20230211,11
Florida Tech,20101120,20230218,11
Tusculum,20101211,20221125,10
Concordia (MI),20101206,20221205,10
Hillsdale,20141114,20171209,10
Eastern New Mexico,20111219,20191115,10
Panhandle State,20101214,20171218,10
West Virginia Tech,20101112,20201219,10
Coker,20111117,20191208,10
Chowan,20101231,20211127,10
Lewis & Clark,20101216,20221107,10
Arkansas-Monticello,20101117,20191106,10
Rio Grande,20111115,20191204,10
Michigan-Dearborn,20131111,20220131,10
Quincy,20111119,20211214,10
MIT,20101231,20211120,10
Miles,20111111,20181229,10
Missouri S&T,20131121,20221109,10
Southern Virginia,20101118,20210219,10
Millsaps,20101112,20211212,10
Montana Western,20110216,20221206,10
Auburn Montgomery,20101117,20191203,10
Arizona Christian,20111118,20211113,10
Maine-Fort Kent,20140212,20221206,10
Truett-McConnell,20131126,20221122,10
Johnson & Wales (RI),20111111,20221114,10
Wayland Baptist,20101124,20191110,10
Voorhees,20101208,20221120,9
Virginia-Lynchburg,20121203,20221206,9
Westcliff,20181106,20221122,9
LIFE,20231109,20241207,9
Defiance,20131227,20221117,9
Cincinnati Christian,20101123,20151113,9
Eastern Oregon,20101113,20221206,9
STANDR,20231106,20241231,9
Virginia Intermont,20101112,20131220,9
Sul Ross State,20101112,20221115,9
Oberlin,20101229,20211116,9
Willamette,20101211,20211111,9
Midway,20171110,20211229,9
Illinois-Springfield,20111210,20211220,9
Rogers State,20101230,20221127,9
Texas-Permian Basin,20131208,20211220,9
Rockhurst,20101115,20171113,9
Southeastern,20101115,20181220,9
Mount Saint Vincent,20131127,20221118,9
Northwest Nazarene,20131116,20210109,9
Waldorf,20101112,20221211,9
Wilberforce,20110111,20191230,9
MIDW,20231106,20241229,9
Randolph,20101112,20211112,9
UC-Santa Cruz,20101117,20191105,9
Peru State,20111221,20221211,9
Tougaloo,20101119,20220112,9
Spalding,20111118,20221212,9
Westminster (UT),20111201,20221215,9
College of Idaho,20101112,20201217,9
Bristol University,20141117,20161116,9
Marygrove,20121113,20161222,9
Manchester,20121231,20221114,9
Pacifica,20111213,20131228,8
Boyce,20160102,20221210,8
Asbury,20101112,20211209,8
Emerson,20141128,20221119,8
Hawaii Pacific,20101211,20221119,8
Flagler,20141114,20201219,8
Wilmington (DE),20110103,20221107,8
Evergreen State,20111128,20211112,8
Mount Marty,20171120,20221212,8
DALCHR,20231106,20241230,8
BIBL,20231110,20241230,8
Trinity (TX),20131111,20221114,8
Malone,20101213,20201219,8
Pfeiffer,20141114,20221113,8
Warner Southern,20101117,20211113,8
Palm Beach Atlantic,20101126,20211208,8
St. Mary's (TX),20161209,20221114,8
Simpson (CA),20111111,20210212,8
Adams State,20121229,20201126,8
NNME,20231107,20241228,8
Barber-Scotia,20111125,20141217,8
Erskine,20101112,20221107,8
BRESC,20231107,20241229,8
George Fox,20101209,20211117,8
Averett,20111210,20191111,8
Martin Methodist,20101204,20211109,8
William Peace,20141125,20221214,8
Maryville (MO),20101122,20211218,8
Johnson & Wales,20151222,20191217,7
New Mexico Highlands,20150106,20221107,7
DEF,20231108,20241230,7
Hendrix,20101113,20221111,7
Carroll (MT),20121121,20141230,7
East Texas Baptist,20110213,20201203,7
EWUN,20231128,20241230,7
Lincoln (PA),20101130,20221207,7
ECC,20231120,20241217,7
District of Columbia,20111118,20221109,7
Cumberland,20151210,20211109,7
Southwestern Adventist,20140222,20221204,7
Colorado College,20101117,20221110,7
Coe,20101116,20211109,7
Clarks Summit,20161111,20221217,7
Cincinnati-Clermont,20141122,20221130,7
TOCCOA,20231106,20241203,7
TRINB,20231106,20241122,7
Cedarville,20111228,20201212,7
Cameron,20101119,20141230,7
SNOK,20231111,20241220,7
Cal State East Bay,20121113,20221211,7
Cal St Dominguez Hills,20111121,20181212,7
Transylvania,20141122,20211118,7
Truman State,20101112,20201208,7
CARO,20231112,20241217,7
Bryn Athyn,20160124,20221112,7
Bluefield State,20131116,20210130,7
University of the Southwest,20101218,20181230,7
Valley City State,20101129,20171212,7
McKendree,20141117,20201214,7
Belhaven (MS),20111227,20221207,7
MID-,20231106,20241217,7
Anderson (SC),20101116,20221219,7
Westmont,20111118,20221219,7
SUNY-Oneonta,20151121,20221217,7
Multnomah,20151128,20221130,7
Haskell (KS),20110104,20211118,7
SAGU Amer. Indian Coll.,20191115,20211222,7
Emory & Henry,20101113,20221107,7
Purdue Northwest,20191119,20221129,7
Emporia State,20101129,20201218,7
Gwynedd-Mercy,20101119,20221222,7
Point Park,20201202,20211130,7
Ohio Dominican,20101115,20221229,7
LaGrange,20101113,20221107,7
Goshen,20141221,20221112,7
KENN,20231109,20241230,6
MARTY,20231106,20241228,6
Medgar Evers,20151120,20221222,6
Newberry,20121129,20201203,6
Tuskegee,20101120,20211122,6
Ottawa,20171130,20221129,6
Goldey-Beacom,20141201,20171121,6
Georgia Southwestern,20101112,20221227,6
Tiffin,20141117,20191105,6
Philander Smith,20101207,20221212,6
Cal State Los Angeles,20141114,20221219,6
Morris College,20110210,20221115,6
SE Oklahoma St.,20101120,20181229,6
Occidental,20101112,20221217,6
NWIN,20231106,20241214,6
Xavier (LA),20101220,20211117,6
Wisconsin-Parkside,20131207,20221107,6
Mt. St. Joseph,20151124,20210102,6
William Jewell,20121110,20201216,6
Whittier,20121218,20221204,6
Westminster,20151117,20211218,6
Ohio Valley,20131125,20211111,6
Master's,20121117,20221217,6
Aquinas,20141116,20211217,6
Arkansas-Fort Smith,20131203,20171219,6
Oglethorpe,20101112,20221126,6
Avila,20141119,20191105,6
Wesley,20111215,20191112,6
Mary Hardin-Baylor,20101113,20221213,6
Johnson (Fl),20191106,20221129,6
Cal State San Marcos,20111207,20181205,6
Fontbonne,20101211,20181204,6
North American,20221109,20221229,6
St. Joseph's (NY),20101204,20181203,6
St. Gregory's,20101117,20121204,6
Southwestern Christian,20131219,20211127,6
Fairleigh Dickinson-Florham,20141117,20221122,6
Culver-Stockton,20101208,20211112,6
Northwestern Ohio,20131109,20221217,6
Iowa Wesleyan,20131112,20221207,6
LASU,20231111,20241228,6
Daniel Webster,20130112,20161221,6
Simpson,20141119,20181109,6
LeMoyne-Owen,20101212,20211115,6
Rockford,20171126,20221109,6
Saint Martin's,20131215,20221210,6
Limestone,20131126,20201128,6
East-West,20161122,20230109,6
Florida Christian,20101201,20141122,6
North Park,20131110,20221211,6
Tabor College,20101112,20151125,6
Molloy,20151116,20211124,6
Franciscan,20171114,20221123,6
Chestnut Hill,20131112,20191216,6
Chapman,20111111,20221209,6
Cal State Stanislaus,20101211,20211214,6
Notre Dame (CA),20151123,20181209,6
Portland Bible,20121214,20221130,6
Stillman,20101115,20141219,6
Texas College,20101212,20171219,6
Tennessee Temple,20101112,20141114,6
Carlow,20210104,20221207,6
Minnesota-Morris,20131113,20211203,5
Lenoir-Rhyne,20101124,20211204,5
Missouri Valley,20101215,20151219,5
Linfield,20111121,20171216,5
Minnesota-Duluth,20101113,20211215,5
Morehouse,20131111,20230116,5
Merchant Marine Academy,20151114,20221130,5
Lake Erie,20111111,20211109,5
Lynchburg,20101212,20221123,5
Saint Joseph's (IN),20111216,20161206,5
Sarah Lawrence,20150228,20221204,5
Pomona-Pitzer,20101115,20161209,5
Black Hills State,20101204,20171125,5
Berea,20121128,20171129,5
EUREKA,20231125,20241215,5
MTOLI,20231106,20241112,5
East Central,20151216,20191127,5
Belmont Abbey,20151118,20210109,5
SWAD,20231106,20241219,5
Robert Morris (IL),20110212,20141228,5
Wayne State (NE),20131218,20161116,5
FLTECH,20241125,20241222,5
Rhodes,20150105,20221126,5
CSST,20231106,20241222,5
REGEN,20231106,20241218,5
Ferris State,20110104,20161127,5
Purdue Calumet,20110101,20151222,5
Dominican (CA),20101229,20121229,5
Doane College,20101230,20201217,5
Dickinson State (ND),20141219,20211109,5
St. Elizabeth,20181119,20221227,5
Cal State Monterey Bay,20101118,20171218,5
Trinity (FL),20131119,20211112,5
Central State (OH),20151116,20191120,5
TCNJ,20101115,20221112,5
Concord,20171126,20221218,5
Concordia (OR),20111114,20161115,5
CHEY,20231109,20250116,5
Selma University,20131231,20161209,5
UNTD,20231106,20241219,5
Southwestern (TX),20131122,20221112,5
Brigham Young-Hawaii,20101202,20151114,5
Southeastern Baptist,20181106,20220119,5
Union (KY),20101228,20121230,5
Dakota State,20111212,20221112,5
Puget Sound,20101222,20221109,5
Redlands,20101209,20211217,5
Austin College,20101113,20161210,5
William Woods,20101219,20221122,5
Gallaudet,20151125,20221210,5
Henderson State,20101112,20171209,5
Hiram,20111112,20191106,5
Wheelock,20140206,20171110,5
Notre Dame de Namur,20101204,20191119,5
Notre Dame (OH),20111115,20221107,5
Alabama-Huntsville,20121112,20131114,5
Williams Baptist,20151212,20191214,5
Albion,20121109,20181201,5
Indiana-South Bend,20101120,20221119,5
North Georgia,20161231,20201212,5
North Central (MN),20191126,20221212,5
New York Tech,20141114,20191115,5
KYCH,20231217,20241228,5
Kansas Christian,20201219,20221110,5
Kentucky State,20131201,20221122,5
Harding,20111126,20221107,5
Hartwick,20141119,20211128,5
Olivet,20161229,20201227,5
Western Oregon,20111218,20221215,5
Penn St.-Wilkes Barre,20181208,20230104,5
Arkansas Baptist,20211114,20221203,5
PSWB,20231106,20241126,5
Guilford,20111111,20221107,5
Western New England,20161122,20221128,5
Anderson (IN),20110103,20221207,5
Texas Wesleyan,20111210,20191228,5
Olivet Nazarene,20110217,20191105,5
Alma,20101204,20221203,5
Wilmington (OH),20121230,20181106,4
Madonna,20101117,20161123,4
Trinity International (IL),20101214,20151121,4
Yellowstone Christian,20201212,20211210,4
Mercy,20111210,20221109,4
Mary,20111111,20171112,4
Wabash,20121110,20221206,4
University of the Ozarks,20161114,20181112,4
Wentworth,20111215,20171112,4
WEST,20231107,20241228,4
Marywood,20110108,20161230,4
Valley Forge,20170102,20221107,4
Maine-Machias,20101119,20181210,4
WNM,20231114,20241214,4
Warner Pacific,20210222,20221118,4
Victory,20101205,20111127,4
NGVILL,20231106,20241114,4
Thiel,20131120,20191105,4
Missouri Baptist University,20171110,20211122,4
Randall,20131111,20191130,4
Point,20161214,20211230,4
Paine,20150203,20221203,4
PSUSK,20231118,20250105,4
PQT,20231125,20241104,4
PFEIFR,20231205,20241130,4
Open Bible College,20131216,20131230,4
OCDN,20231117,20241228,4
Metropolitan State,20131118,20131126,4
Northwood (TX),20131108,20131219,4
Northwood (MI),20101117,20211205,4
Northwest Oklahoma State,20101115,20141118,4
Northwest Indian College,20121229,20221217,4
New Rochelle,20171115,20181209,4
Mount Ida College,20101114,20131201,4
NWCOLL,20231116,20241122,4
Regis,20141207,20201211,4
Midland Lutheran,20101228,20221213,4
Rosemont,20121222,20191125,4
Rowan,20150125,20180128,4
Texas A&M-Kingsville,20101112,20161231,4
St. Thomas (FL),20111112,20221214,4
St. Catharine,20101207,20160216,4
St. Ambrose,20160201,20221129,4
Southwest State (MN),20111112,20131118,4
South Dakota Mines,20101117,20151124,4
Sewanee,20121110,20181106,4
NRVJ,20231122,20241208,4
Salve Regina,20131130,20211109,4
Saint Leo,20111119,20181215,4
Mid-Continent,20111204,20131122,4
SVK,20231202,20241211,4
STFR,20231109,20241215,4
STAMB,20231112,20241212,4
SCHREI,20231114,20241229,4
MacMurray,20101112,20111210,4
Massachusetts-Boston,20171112,20191210,4
Greenville,20141129,20201202,4
Adrian,20161111,20201209,4
Dubuque,20151125,20211114,4
Centenary (NJ),20171231,20221231,4
Lesley,20101113,20191122,4
FISK,20231106,20241113,4
Lindsey Wilson,20111210,20221212,4
Illinois Tech,20151113,20221218,4
Albany State (GA),20101230,20221121,4
BOB,20231128,20241212,4
Academy of Art,20111130,20230103,4
Heidelberg,20131123,20211120,4
AVIL,20231106,20241110,4
Dalton State,20131122,20201212,4
Bacone,20111210,20201215,4
Farmingdale State,20101113,20211229,4
Hope International,20111222,20131108,4
ARKBA,20231127,20241203,4
Hood,20141123,20181229,4
DILD,20231125,20241220,4
Catawba,20141123,20201231,4
Arcadia,20111212,20221118,4
Arkansas Tech,20111229,20191124,4
John Brown,20151209,20221111,4
Eckerd,20131118,20211121,4
LAV,20231106,20241130,4
Eastern,20121112,20211229,4
Caldwell,20131108,20191230,4
BOYC,20231204,20241106,4
Calvary,20171118,20221114,4
East Mennonite,20151124,20211202,4
LETYJ,20231114,20241207,4
Earlham,20161111,20221107,4
Keystone,20141120,20221107,4
ERSFF,20231106,20241107,4
LOYOLO,20231127,20241220,4
KNTS,20231106,20241123,4
Carroll,20151121,20211129,4
BTHWV,20231210,20241215,4
Lancaster Bible,20210203,20211208,4
John Jay,20161111,20221120,4
Fayetteville State,20101204,20181229,4
Cal State Maritime,20111210,20221109,4
MISSCO,20231114,20241125,4
CCNY,20121222,20181106,4
Concordia-St. Paul,20141129,20171119,4
Christendom,20171130,20191211,4
MOCO,20231210,20241218,4
Cheyney,20111111,20160201,4
ALCE,20231203,20241228,4
Corban,20121230,20181221,4
Concordia (IL),20101112,20191218,4
MISSW,20231203,20241109,4
Crown College,20121114,20191107,4
Bryan,20181221,20221217,4
Claflin,20111111,20161111,4
CAIR,20231111,20241216,4
Greenville (IL),20110129,20131130,4
BPARK,20231222,20241229,3
SHWN,20231108,20241215,3
New Hope Christian,20101204,20161213,3
CPENN,20231205,20241201,3
PUG,20231221,20241203,3
SUNY-Maritime,20171216,20221120,3
Elmira,20171230,20200113,3
Union (NY),20110108,20221114,3
Buena Vista,20161122,20181109,3
Newman,20111219,20201230,3
Newport News-Apprentice,20191112,20211127,3
COLCHR,20231122,20241114,3
Nazareth,20161117,20191111,3
SDSM,20231106,20241220,3
NCOLLFL,20231205,20241206,3
Johnson & Wales (CO),20101210,20120103,3
Clayton State,20141124,20221107,3
UWS,20231106,20241213,3
Washington & Lee,20121110,20171112,3
WILCAR,20231106,20241230,3
Texas-Dallas,20161205,20191105,3
Neumann,20101116,20221114,3
Kentucky Wesleyan,20171115,20191107,3
BREC,20231106,20241204,3
Bluefield (WV),20101113,20141213,3
NEW,20231109,20241210,3
NDMG,20231126,20241201,3
Glenville State,20101115,20221219,3
Wartburg,20121110,20221107,3
Pacific (OR),20121109,20191112,3
BRYAN,20231220,20241113,3
BRYN,20231213,20241214,3
Thomas (ME),20141118,20221107,3
STMRW,20231106,20241215,3
Elizabeth City State,20111130,20180115,3
BTHTN,20231212,20241104,3
Penn St. - York,20191230,20221110,3
COCOL,20231106,20241104,3
STJLI,20231106,20241206,3
Georgian Court,20171125,20221210,3
Kenyon,20111113,20161113,3
Birmingham-Southern,20181114,20211109,3
Gordon,20171112,20211112,3
HNLG,20231113,20241104,3
JOWAL,20231122,20250105,3
Emmanuel,20151119,20201201,3
Frostburg State,20161220,20181207,3
OGLE,20231114,20241120,3
GOSH,20231107,20241112,3
OLLU,20240102,20241215,3
ONEO,20231116,20241109,3
Virginia Wesleyan,20201222,20221114,3
Houghton,20101218,20221119,3
Point Loma Nazarene,20101118,20160102,3
CCAR,20231203,20241217,3
Ouachita,20141207,20171111,3
CCGA,20231106,20241108,3
Ohio Christian,20161230,20220107,3
Fairmont State,20121230,20221219,3
CHAM,20231120,20231122,3
Ohio Northern,20131108,20191124,3
Fort Lewis,20111111,20161116,3
Purdue North Central,20101118,20181229,3
Purchase College,20200107,20221222,3
Hampden-Sydney,20101122,20191108,3
Old Westbury,20130112,20221222,3
HOWP,20231210,20241221,3
Fredonia State,20111206,20221120,3
HOUGH,20231218,20241109,3
PEACE,20231201,20241217,3
OAKA,20231107,20241202,3
Geneva,20121206,20191127,3
FISF,20231108,20241120,3
Freed-Hardeman,20191228,20201229,3
CMAR,20231230,20241228,3
Rutgers-Camden,20111118,20211109,3
VOORHE,20231106,20241111,3
Bethany (CA),20101116,20110103,3
Emory,20111112,20171110,3
JNSN,20231201,20241214,3
Northeastern State,20101113,20210304,3
Rocky Mountain,20161116,20211114,3
Northern Michigan,20121109,20151113,3
GWYM,20231205,20241112,3
WALW,20231128,20241229,3
FLCHR,20231106,20240102,3
Roanoke,20111111,20151118,3
Immaculata,20131217,20221110,3
WCST,20231124,20241108,3
PIEDMO,20231106,20241106,3
WAWA,20231122,20241231,3
Pine Manor,20160116,20191201,3
Benedictine (IL),20121218,20181218,3
Regis (CO),20121118,20211109,3
Bemidji State,20180213,20181110,3
WASHMD,20231217,20241125,3
Bethany College (KS),20171216,20191215,3
NAS,20231106,20231218,3
Salisbury,20121221,20211112,3
Lander,20101127,20201125,3
Minot State,20101119,20121114,3
Misericordia,20181112,20221113,3
EMER,20231231,20241230,3
TRINIL,20231106,20241130,3
Shawnee State,20120102,20181113,3
Wisconsin-Stout,20181211,20221122,3
DALCRU,20240102,20241228,3
Lourdes,20151231,20221229,3
Southwestern,20171110,20181109,3
Saint Xavier (IL),20141125,20230211,3
Southern Arkansas,20131126,20141229,3
Carolina,20191228,20221214,3
Saint Mary-of-the-Woods College,20221121,20221229,3
Saint Mary's (MN),20151115,20171111,3
BCRR,20231218,20241211,3
DAKU,20231108,20241202,3
Minnesota-Crookston,20141117,20161130,3
Missouri-St. Louis,20161119,20191130,3
AQUN,20231229,20241223,3
Albertus Magnus,20121218,20221118,3
Talladega,20101113,20111114,3
Lincoln (MO),20121113,20221213,3
Mid-America Christian,20181208,20221110,3
ARBAP,20231218,20241227,3
MIDAMC,20231110,20241104,3
MILLIG,20231118,20241229,3
Tampa,20131108,20191219,3
Langston,20111204,20141217,3
Wisconsin Lutheran,20181106,20191112,3
Lewis,20171219,20201207,3
Catholic,20131204,20171212,3
Le Tourneau,20151214,20191120,3
Central Methodist,20111219,20211120,3
Chadron State,20121115,20151113,3
Southern Nazarene,20161129,20221107,3
Mary Baldwin,20211109,20221125,3
Susquehanna,20101201,20171218,3
Concordia (AL),20111120,20171125,3
LOAKS,20241209,20241221,3
TRIFL,20231110,20241206,3
TXLUT,20231218,20241229,3
LEWCL,20231108,20241106,3
MSBOS,20231106,20241214,3
York (NE),20151209,20181107,3
Staten Island,20151128,20171121,3
Calumet College,20111127,20230217,3
TUSC,20231215,20241203,3
Mount Olive,20131208,20221121,3
SWCU,20231111,20241229,3
Mount St. Joseph,20101221,20131110,3
TRUE,20240103,20241216,3
MCMR,20231106,20241112,3
SW Assembl. of God,20101213,20211208,3
Cal Tech,20161111,20211218,3
Coast Guard,20131230,20221218,3
Young Harris,20121110,20141117,3
TOM,20231218,20241209,3
Miami-Hamilton,20211113,20221218,3
MENLO,20231129,20241112,3
Maryville (TN),20191105,20221203,3
Widener,20151222,20191221,3
MOBILE,20231106,20241230,3
Suffolk,20111111,20131109,3
Mitchell,20141214,20171122,3
XAVLA,20231108,20241109,3
Silver Lake,20151202,20191219,3
EVER,20231114,20241119,3
MARB,20231211,20241208,3
Concordia (TX),20181208,20211116,3
St. Francis (PA,20250124,20250130,3
Franklin,20211128,20221119,2
Queens University,20250125,20250129,2
Central Washington,20161115,20181208,2
THOMAS,20231107,20241216,2
Queens (NY),20151117,20181114,2
UMass Lowell,20250125,20250130,2
DAVEN,20231219,20241107,2
Franklin Pierce,20141117,20141120,2
RAN,20241113,20241125,2
CENST,20241116,20241120,2
Fort Hays State,20161217,20201208,2
TAMSA,20241106,20241230,2
GALLU,20231211,20241118,2
GCL,20241104,20241119,2
UVI,20181106,20211113,2
Colby-Sawyer,20130117,20221127,2
Grace Bible,20131207,20151118,2
St. Louis College,20191105,20201128,2
Colorado-Colorado Springs,20101114,20131108,2
UT-Southern,20221125,20221127,2
Columbus State,20131108,20210220,2
Georgia College,20181209,20221217,2
UT Rio Grande Valley,20250125,20250127,2
Penn State-Allegheny,20211111,20221110,2
Buffalo State,20120104,20211212,2
USMMA,20231230,20241207,2
Penn State-Harrisburg,20141126,20151123,2
Pensacola Christian,20151119,20181112,2
Concorida (NE),20171208,20181120,2
USAO,20231109,20231115,2
Philadelphia Biblical,20101126,20111123,2
Summit,20151114,20160104,2
UOZC,20231209,20241108,2
Cornell (IA),20171217,20191120,2
TABR,20231212,20241114,2
Crown (MN),20221120,20221203,2
Pittsburgh-Bradford,20151113,20171222,2
Southwest Minnesota State,20101118,20181229,2
Curry,20171119,20191105,2
Southern University,20250125,20250127,2
CCC,20231201,20241106,2
DSR,20231107,20241127,2
FRIENDS,20231112,20241229,2
RCKFRD,20231222,20241116,2
Edinboro,20191109,20211116,2
STE,20241107,20241221,2
Saint Mary (KS),20120116,20121111,2
Elizabethtown,20191221,20211124,2
EOR,20231114,20241230,2
CROWN,20231217,20241215,2
SPHIL,20231209,20241118,2
SPFLD,20231127,20241123,2
MONIL,20231108,20241121,2
SPALD,20231106,20231128,2
CRMTS,20231106,20231231,2
SOUT,20231128,20241228,2
SKCF,20231116,20231219,2
CONCSTP,20231128,20241104,2
SIU Edwardsville,20250125,20250130,2
SIENHT,20231222,20241108,2
ERIE,20231118,20231119,2
Saint Joseph's (ME),20101230,20221212,2
TRINTX,20241104,20241121,2
STMAMD,20231111,20231222,2
SUNY-Polytechnic,20191109,20211118,2
SUNYM,20231201,20241126,2
Eastern Nazarene,20121113,20221130,2
SUNY-Cortland,20181113,20191121,2
SUNY-Cobleskill,20101124,20120114,2
SWESLE,20231229,20241119,2
Cardinal Stritch,20101121,20221112,2
CUKY,20231214,20241211,2
SUNY,20231113,20241105,2
Earlham (IN),20131109,20141115,2
Saginaw Valley,20211118,20211130,2
SUL,20231108,20241104,2
Saginaw Valley State,20101207,20111121,2
EWATER,20231205,20241121,2
Thomas More,20101220,20151125,2
Salem International,20161118,20201205,2
Tennessee-Martin,20250125,20250130,2
SFS,20231106,20241104,2
COLS,20231208,20250101,2
Shorter,20191130,20221107,2
FRED,20231129,20241108,2
SUNYD,20231115,20241214,2
FRMHM,20231113,20241104,2
Davis & Elkins,20181106,20221219,2
CHRIS,20231109,20241112,2
FTLAUD,20231106,20241222,2
FVST,20231228,20241230,2
Simon Fraser University,20171215,20221205,2
RUST,20231207,20241221,2
ROSEM,20231221,20241124,2
RIVI,20231106,20241104,2
RHODE,20241112,20241204,2
REIN,20231114,20240103,2
Dallas Baptist,20131203,20131221,2
TXWESL,20241121,20241220,2
FRANU,20231122,20241219,2
FPS,20231106,20231230,2
ECSU,20231209,20241129,2
COLL,20231230,20241120,2
Embry‚ÄìRiddle (FL),20151120,20171113,2
SARL,20231106,20241209,2
EMBRID,20241119,20241125,2
ELMS,20231229,20241230,2
CMPVLE,20231129,20241112,2
Detroit Mercy,20250125,20250130,2
Dean,20161222,20221110,2
Evangel,20171124,20211230,2
FDU,20250126,20250130,2
FELI,20231116,20231209,2
FERRUM,20231106,20241123,2
UC San Diego,20250125,20250131,2
Rivier,20181106,20211109,2
SUMMIT,20231125,20240102,2
ADAMS,20231218,20231229,2
St. Thomas Aquinas,20141122,20141129,2
WOU,20231209,20241112,2
AURO,20231119,20241130,2
WJU,20231106,20241104,2
Whitworth,20171110,20210109,2
WMETTE,20231125,20241216,2
KANCH,20231106,20241108,2
Newbury,20141117,20181106,2
KEAN,20231222,20250104,2
KEYST,20231112,20231203,2
WILB,20231110,20231229,2
Wheeling Jesuit,20211109,20211118,2
KINGU,20231106,20231230,2
KYWE,20231106,20241221,2
Miami (FL,20250125,20250129,2
Loras,20111219,20221118,2
Westminster (PA),20131123,20221208,2
Keene State,20201125,20211213,2
Jamestown,20111130,20171230,2
WHIT,20231205,20241216,2
Nova Southeastern,20131203,20141115,2
Montana State-Northern,20191110,20221122,2
MGS,20231204,20241214,2
MEVERS,20231222,20250104,2
IMM,20231106,20241221,2
Marymount (VA),20121109,20191105,2
Wingate,20131116,20210115,2
Indiana Tech,20101119,20131223,2
Indiana-East,20101129,20121126,2
Indianapolis,20171209,20221115,2
JOHNJ,20231106,20241115,2
WES,20231210,20241218,2
JANDW,20231113,20231230,2
JARVCH,20231106,20231211,2
JBROWN,20231109,20231219,2
MARYW,20231230,20241104,2
McNeese,20250125,20250127,2
ASH,20231111,20241229,2
Westminster (MO),20151230,20181106,2
WSTMMO,20241104,20241229,2
Keiser,20181219,20191126,2
LCHB,20231216,20241104,2
West Virginia Wesleyan,20131116,20161219,2
LYND,20231206,20241104,2
LWC,20231217,20241210,2
Mt. St. Mary (NY),20161115,20221107,2
Mt. Aloysius,20181114,20210224,2
BLKBN,20231217,20241228,2
LBC,20241109,20241215,2
LUM,20231108,20241218,2
NYU-Poly,20101115,20111120,2
West Florida,20101112,20211109,2
BENE,20231107,20241230,2
Wells,20211119,20221113,2
Montana State-Billings,20111117,20131221,2
Moravian,20161219,20211210,2
LINF,20231106,20231112,2
Montevallo,20191214,20221107,2
BLUMT,20231106,20231121,2
Muskingum,20161111,20221204,2
NBRI,20241104,20241113,2
NCMN,20231112,20241104,2
Lebanon Valley,20161115,20221107,2
Midwestern State,20141229,20210108,2
Millersville,20161114,20211206,2
American International,20101124,20220102,2
Union (TN),20151120,20161118,2
Angelo State,20151206,20181106,2
WWU,20231220,20241228,2
NOBEL,20241113,20241228,2
King (TN),20101216,20141216,2
Knox,20211115,20221217,2
BRIDVA,20231215,20231219,2
LACOLL,20231115,20241104,2
Aurora,20141115,20230128,2
NCWESL,20241104,20241116,2
BOWST,20231212,20250115,2
WARUR,20241205,20241229,2
Northwest Christian,20141228,20151114,2
Nyack,20211204,20211212,2
Maine Maritime,20191124,20191204,2
HDSM,20231205,20241214,2
Baruch College,20110108,20140111,2
HEIDEL,20231114,20241229,2
Oregon Tech,20151113,20171119,2
HHILO,20231114,20241104,2
HIPACI,20231210,20241126,2
Winston-Salem,20121112,20181126,2
Baptist Bible (PA),20131202,20141117,2
HSST,20231206,20241210,2
Oklahoma Christian,20191105,20211109,2
Oklahoma Baptist,20161123,20221119,2
Hanover,20121127,20211114,2
Ohio-Chillicothe,20181130,20191112,2
Maine-Presque Isle,20161126,20171205,2
Hastings (NE),20211109,20211126,2
Vassar,20101112,20211109,2
Worcester Tech,20101207,20211116,2
Haverford,20121113,20131110,2
MOBAPT,20231128,20231203,2
MORE,20240115,20250120,2
MORRI,20241104,20241111,2
PSY,20231114,20241104,2
Bluffton,20141220,20221127,2
MRCD,20231107,20231221,2
MRCM,20231230,20241112,2
Ursinus,20131222,20151219,2
MSMBK,20231113,20241112,2
Bethesda,20131108,20131123,2
VAW,20231106,20241228,2
YORK,20231127,20241204,2
VF,20241111,20241120,2
MTTECH,20231209,20241210,2
PLATT,20231111,20241127,2
MUSK,20231222,20241230,2
Wisconsin-Superior,20151220,20211127,2
Barclay,20171215,20211113,2
MIAH,20231217,20241108,2
Marian,20151117,20161228,2
OHCHR,20231113,20241106,2
Hope,20111130,20211110,2
Humboldt State,20181109,20181110,2
Holy Cross (IN),20111114,20121205,2
Hawai'i,20250125,20250131,2
Mansfield,20121124,20161130,2
Huntingdon,20181111,20181213,2
OAKLCT,20231107,20231114,2
MISE,20241116,20241217,2
Manhattanville,20161211,20211109,2
Mary Washington,20101113,20151218,2
Oak Hills,20161113,20180113,2
BALLST,20231128,20231128,1
TRENAZ,20231231,20231231,1
Stockton,20181124,20181124,1
AVEM,20231110,20231110,1
ARCD,20231230,20231230,1
BALDW,20241106,20241106,1
ALBS,20231129,20231129,1
AND,20241231,20241231,1
ARFS,20231210,20231210,1
Chicago,20191106,20191106,1
YORKNE,20241104,20241104,1
Wilson,20181215,20181215,1
City Tech,20110124,20110124,1
Centre (KY),20211214,20211214,1
ALA,20231128,20231128,1
BARD,20231112,20231112,1
Wisconsin-La Crosse,20171110,20171110,1
TENTCH,20231128,20231128,1
TIFFIN,20231114,20231114,1
BAYL,20231128,20231128,1
Clarion,20181110,20181110,1
BELLE,20231130,20231130,1
York (PA),20171121,20171121,1
Clark (MA),20221110,20221110,1
TEXCOL,20241115,20241115,1
Carson-Newman,20191211,20191211,1
Atlanta Christian,20111213,20111213,1
Augustana (IL),20171122,20171122,1
ANGL,20231126,20231126,1
TXPB,20241112,20241112,1
TXS,20231128,20231128,1
AUG,20241111,20241111,1
Whitman,20121117,20121117,1
AUB,20241118,20241118,1
TAL,20231229,20231229,1
TRUST,20231228,20231228,1
Wittenberg,20131108,20131108,1
Chatham,20161119,20161119,1
Wheaton (MA),20171126,20171126,1
Albright,20120107,20120107,1
TAMK,20241127,20241127,1
Central Christian,20191123,20191123,1
ARLR,20231128,20231128,1
TAY,20241111,20241111,1
Taylor (IN),20131112,20131112,1
Alfred,20150110,20150110,1
Cazenovia,20221107,20221107,1
Swarthmore,20111128,20111128,1
ARKST,20231128,20231128,1
ANTE,20231230,20231230,1
Worcester State,20151208,20151208,1
TAMT,20241230,20241230,1
Central Oklahoma,20191214,20191214,1
ANDRW,20231109,20231109,1
AVC,20241127,20241127,1
Case Western Reserve,20141219,20141219,1
ANDRN,20231230,20231230,1
Carnegie Mellon,20181230,20181230,1
Bowie State,20160209,20160209,1
BERM,20231207,20231207,1
CCMO,20231218,20231218,1
Virginia State,20221107,20221107,1
CCSC,20241211,20241211,1
Baldwin-Wallace,20221110,20221110,1
UMFK,20241106,20241106,1
Virginia Union,20131115,20131115,1
UK,20231128,20231128,1
CHATC,20241110,20241110,1
Baker,20150203,20150203,1
Viterbo University,20131108,20131108,1
UDC,20241112,20241112,1
CHDE,20241219,20241219,1
UCSD,20231128,20231128,1
CHES,20241210,20241210,1
Babson,20211206,20211206,1
CHIST,20231128,20231128,1
WAG,20231128,20231128,1
CHPM,20241104,20241104,1
UCCS,20241210,20241210,1
WARWIL,20231130,20231130,1
WASH,20231128,20231128,1
CHSOU,20231128,20231128,1
WAYB,20241107,20241107,1
CIN,20231128,20231128,1
Baptist Bible (MO),20220111,20220111,1
Barry,20101115,20101115,1
BERRY,20231114,20231114,1
UNK,20231201,20231201,1
University at Albany,20250125,20250125,1
UTXT,20231111,20231111,1
Brandeis,20221107,20221107,1
University of the Sciences (Pa.),20141204,20141204,1
UTAHST,20231128,20231128,1
Upper Iowa,20111112,20111112,1
Bloomsburg,20181127,20181127,1
Blackburn,20221203,20221203,1
Biola,20151207,20151207,1
Utica,20151210,20151210,1
VAN,20231125,20231125,1
VAS,20231106,20231106,1
USI,20231128,20231128,1
Bushnell,20221115,20221115,1
VCSV,20231116,20231116,1
Bethany (WV),20171218,20171218,1
VTSTR,20241122,20241122,1
VWH,20241222,20241222,1
Berry,20141114,20141114,1
CALVW,20241118,20241118,1
Benedictine-Springfield,20121117,20121117,1
CAP,20241116,20241116,1
Bellevue,20181212,20181212,1
CITA,20231128,20231128,1
WCAR,20231128,20231128,1
WEBBER,20241228,20241228,1
CLATL,20231106,20231106,1
CSDH,20231219,20231219,1
CSTGD,20231106,20231106,1
WSTMUT,20241113,20241113,1
CSU,20231128,20231128,1
WTNBG,20231125,20231125,1
WVT,20231107,20231107,1
WVWSL,20241216,20241216,1
CSVILLE,20241206,20241206,1
BSC,20231214,20231214,1
CUI,20231106,20231106,1
CURR,20231108,20231108,1
Washburn,20201203,20201203,1
Cabrini,20161222,20161222,1
BOWD,20250105,20250105,1
BLUFF,20241104,20241104,1
Cal State San Bernardino,20191117,20191117,1
Wayne State (MI),20221107,20221107,1
BLOM,20231206,20231206,1
BETIN,20231207,20231207,1
Webster,20211204,20211204,1
Calvin,20210114,20210114,1
Capital,20141229,20141229,1
Welch,20181112,20181112,1
WSTMPA,20231218,20231218,1
WSLEE,20231106,20231106,1
WRCT,20241107,20241107,1
WILK,20231119,20231119,1
CLMSN,20231128,20231128,1
WELLS,20240123,20240123,1
UC,20241104,20241104,1
BUFST,20231210,20231210,1
WESTMOW,20231122,20231122,1
WFIELDST,20231115,20231115,1
UAT,20241107,20241107,1
WILEY,20231219,20231219,1
COE,20231206,20231206,1
COKER,20231230,20231230,1
Tufts,20221204,20221204,1
WRCST,20231109,20231109,1
WINTH,20231128,20231128,1
WIRIV,20231221,20231221,1
WM,20231128,20231128,1
COLU,20250120,20250120,1
CONCMI,20241108,20241108,1
COVENA,20231106,20231106,1
Trinity (CT),20141118,20141118,1
CRBN,20241112,20241112,1
CRC,20241113,20241113,1
WPCK,20231106,20231106,1
CSUP,20231217,20231217,1
MOLL,20231109,20231109,1
Clearwater Christian,20131214,20131214,1
PPU,20231109,20231109,1
Nebraska-Kearney,20191213,20191213,1
New England,20221209,20221209,1
Kalamazoo,20140104,20140104,1
KEISR,20231115,20231115,1
KANST,20231128,20231128,1
KAN,20231128,20231128,1
Nichols,20141123,20141123,1
Johnson State,20221130,20221130,1
Johnson C. Smith,20101129,20101129,1
Johnson & Wales (FL),20181109,20181109,1
John Carroll,20121112,20121112,1
North Carolina-Pembroke,20111117,20111117,1
Jefferson,20131215,20131215,1
JUST,20241125,20241125,1
JTOWN,20241104,20241104,1
JOHN,20241119,20241119,1
North Texas at Dallas,20221107,20221107,1
Nebraska Wesleyan,20191228,20191228,1
Nebraska Christian,20180127,20180127,1
NWST,20231128,20231128,1
NICHLS,20231128,20231128,1
LAKE,20241104,20241104,1
NCST,20231128,20231128,1
ND,20231128,20231128,1
NDAK,20231128,20231128,1
NELSON,20241108,20241108,1
NESTST,20241104,20241104,1
NEUM,20241229,20241229,1
NLAND,20231122,20231122,1
NWNAZA,20231209,20231209,1
NMH,20241104,20241104,1
NMXST,20231128,20231128,1
NOPA,20231109,20231109,1
NORFST,20231128,20231128,1
NORTH,20241222,20241222,1
NTHW,20231230,20231230,1
Keuka,20211205,20211205,1
JDSNE,20241129,20241129,1
JACKST,20231128,20231128,1
Ithaca,20221118,20221118,1
HCS,20241107,20241107,1
HNDRX,20231110,20231110,1
Ottawa (KS),20170131,20170131,1
Ouachita Baptist,20221110,20221110,1
PACI,20231114,20231114,1
PACOR,20241214,20241214,1
PENNK,20231222,20231222,1
PEPP,20231128,20231128,1
PITT,20231128,20231128,1
Olivet College,20121116,20121116,1
PITTB,20241203,20241203,1
PITTG,20231120,20231120,1
PLL,20231117,20231117,1
PLN,20231127,20231127,1
POINT,20241107,20241107,1
PORT,20231128,20231128,1
PORTBI,20231213,20231213,1
HOOD,20231126,20231126,1
HOWRD,20231128,20231128,1
Northwest Missouri State,20111111,20111111,1
IDHST,20231128,20231128,1
Illinois Wesleyan,20191105,20191105,1
Northwest Washington,20101118,20101118,1
IUCO,20241104,20241104,1
INNW,20240219,20240219,1
INDST,20231128,20231128,1
ILTECH,20231113,20231113,1
ILBE,20241203,20241203,1
Huntington,20101112,20101112,1
Ohio Wesleyan,20211112,20211112,1
OCHT,20241210,20241210,1
OHC,20231210,20231210,1
OHIOD,20231210,20231210,1
OHWES,20241108,20241108,1
ORAL,20231128,20231128,1
OWEN,20231209,20231209,1
Ohio Mid-Western,20141122,20141122,1
NAZA,20241127,20241127,1
NAVTC,20231127,20231127,1
LAMON,20231128,20231128,1
MCNST,20231128,20231128,1
MINC,20241121,20241121,1
MILLSA,20231106,20231106,1
MIAOH,20231128,20231128,1
MIA,20231128,20231128,1
MEPRE,20231108,20231108,1
Massachusetts Liberal Arts,20221112,20221112,1
AKRON,20231128,20231128,1
McDaniel,20221115,20221115,1
Marian (IN),20101113,20101113,1
McGill,20170110,20170110,1
MARY,20231128,20231128,1
MARWI,20241127,20241127,1
McPherson,20161111,20161111,1
MARQ,20231128,20231128,1
MANS,20241120,20241120,1
MANORC,20241109,20241109,1
Marietta,20111214,20111214,1
MISS,20231128,20231128,1
MANHV,20241229,20241229,1
MSUN,20231205,20231205,1
MONTE,20231217,20231217,1
MOSCT,20241108,20241108,1
MRYV,20241104,20241104,1
MSOE,20231221,20231221,1
MSOS,20241111,20241111,1
MSPST,20231128,20231128,1
MST,20231128,20231128,1
MSV,20240104,20240104,1
MISSR,20231128,20231128,1
MTAL,20241119,20241119,1
MYVLST,20231214,20231214,1
Madaille,20161125,20161125,1
MITECH,20241218,20241218,1
Maine-Augusta,20221208,20221208,1
Maine-Farmington,20211112,20211112,1
MITCH,20241120,20241120,1
Merchant Marine,20141123,20141123,1
MALONE,20231106,20231106,1
LANE,20241122,20241122,1
LORAS,20231114,20231114,1
LYNN,20231121,20231121,1
Missouri Southern State,20161116,20161116,1
LUTHE,20231117,20231117,1
LURE,20231106,20231106,1
LSUAG,20241104,20241104,1
LOYCH,20231128,20231128,1
LOUR,20231106,20231106,1
LIME,20231125,20231125,1
Mississippi University for Women,20221110,20221110,1
LESLEY,20241211,20241211,1
Morrisville State,20141209,20141209,1
Mount Ida,20141125,20141125,1
LEHM,20241207,20241207,1
LBB,20241204,20241204,1
Mount Vernon Nazarene,20141215,20141215,1
Muhlenburg,20130108,20130108,1
LYON,20231113,20231113,1
La Roche,20151116,20151116,1
MAINA,20241203,20241203,1
Michigan Tech,20111213,20111213,1
Lynn,20221107,20221107,1
Mesa State,20131116,20131116,1
Messiah,20161203,20161203,1
Luther,20191202,20191202,1
Lubbock Christian,20121215,20121215,1
Miami Middletown,20221107,20221107,1
Lincoln Christian,20171231,20171231,1
Lincoln,20151125,20151125,1
Lakeland,20171117,20171117,1
Life University,20211116,20211116,1
Lee (OH),20201219,20201219,1
Lawrence,20171229,20171229,1
Millikin,20101112,20101112,1
Laroche,20131223,20131223,1
Milwaukee Engineering,20161111,20161111,1
Lane,20221229,20221229,1
PORTST,20231128,20231128,1
HASK,20241116,20241116,1
Clinton College,20221110,20221110,1
PRATT,20241109,20241109,1
SX,20240121,20240121,1
SYRA,20231128,20231128,1
Saint Joseph's Long Island,20221129,20221129,1
Saint Rose,20150105,20150105,1
Saint Vincent (PA),20221208,20221208,1
ENM,20231229,20231229,1
ENDC,20241120,20241120,1
EMENNO,20231112,20231112,1
EILL,20231128,20231128,1
EARL,20241106,20241106,1
Dowling,20101120,20101120,1
Dominican (IL),20181114,20181114,1
Dickinson College,20101229,20101229,1
Science and Arts of Oklahoma,20101127,20101127,1
Denison,20151128,20151128,1
Delta State,20191105,20191105,1
Seton Hill,20151113,20151113,1
SWUNIV,20241108,20241108,1
SWST,20231114,20231114,1
SWOKST,20231229,20231229,1
STVB,20231217,20231217,1
SPOLY,20241109,20241109,1
STANT,20231203,20231203,1
STAUG,20231214,20231214,1
STERL,20231212,20231212,1
STLOU,20231128,20231128,1
STMAMN,20241116,20241116,1
STNOR,20241115,20241115,1
SUNY Delhi,20221110,20221110,1
SWAG,20231106,20231106,1
SUNY New Paltz,20211109,20211109,1
SUNY-Canton,20181108,20181108,1
SUNY-Oswego,20120103,20120103,1
SUNY-Potsdam,20191119,20191119,1
SUNYB,20241207,20241207,1
SUNYOW,20241104,20241104,1
SUNYPO,20231205,20231205,1
DeSales,20181109,20181109,1
DePauw,20211116,20211116,1
Davenport,20191105,20191105,1
St. Augustine's,20221107,20221107,1
Southwestern (AZ),20101119,20101119,1
Crown,20211202,20211202,1
Cornerstone,20101222,20101222,1
Southwestern Oklahoma State,20131208,20131208,1
Spring Arbor,20171110,20171110,1
Converse,20211231,20211231,1
Connecticut College,20191229,20191229,1
Concordia-Moorhead,20211109,20211109,1
Cumberland University,20111122,20111122,1
Concordia (WI),20191105,20191105,1
Concordia (CA),20201216,20201216,1
St. John Fisher,20221206,20221206,1
St. Joseph's (ME),20211109,20211109,1
Colorado State-Pueblo,20201212,20201212,1
Colorado Mesa,20171228,20171228,1
College of Faith,20141118,20141118,1
Southwest Baptist,20191114,20191114,1
Southern Vermont,20141119,20141119,1
Simpson (IA),20191117,20191117,1
DEVAL,20231222,20231222,1
Sioux Falls,20111216,20111216,1
Skidmore,20190108,20190108,1
Slippery Rock,20121109,20121109,1
DYOU,20231120,20231120,1
DUB,20241104,20241104,1
DOANE,20231106,20231106,1
DICKPA,20241104,20241104,1
DEPAUW,20231114,20231114,1
D'Youville,20221123,20221123,1
DELTA,20231106,20231106,1
DEA,20241104,20241104,1
DCKSNS,20241112,20241112,1
DAVELK,20241104,20241104,1
Southern Oregon,20161128,20161128,1
Southern Poly,20121208,20121208,1
Southern Tech,20131109,20131109,1
SOUTH,20231128,20231128,1
SOR,20241111,20241111,1
SONO,20231106,20231106,1
Penn State-Mont Alto,20141130,20141130,1
Gettysburg,20191109,20191109,1
Penn St. - Brandywine,20171118,20171118,1
Penn State New Kensington,20221110,20221110,1
Penn State-Abington,20111114,20111114,1
Penn State-Altoona,20111113,20111113,1
Penn State-Beaver,20141220,20141220,1
Penn State-Behrend,20211127,20211127,1
Georgetown (KY),20211109,20211109,1
Governors State,20181124,20181124,1
Gannon,20191214,20191214,1
GTECH,20231128,20231128,1
Pikeville,20191106,20191106,1
GRGF,20231209,20231209,1
Pittsburgh-Greensburg,20221109,20221109,1
GNZG,20231128,20231128,1
GLDBEA,20231108,20231108,1
Park (AZ),20230221,20230221,1
Grace,20161223,20161223,1
GAS,20231128,20231128,1
PSSCR,20241223,20241223,1
PRB,20241123,20241123,1
PRM,20241122,20241122,1
PROV,20231128,20231128,1
PRRP,20241124,20241124,1
PSALG,20231218,20231218,1
PSALT,20241210,20241210,1
PSFAY,20241221,20241221,1
PSSHEN,20241204,20241204,1
Grace Christian University,20221115,20221115,1
PSUBW,20231108,20231108,1
HARTFD,20231217,20231217,1
PUCA,20241201,20241201,1
PUR,20231128,20231128,1
PURPAN,20241107,20241107,1
Pace,20141114,20141114,1
Graceland (IA),20131130,20131130,1
GBP,20231222,20231222,1
Presentation,20131215,20131215,1
SNYM,20231108,20231108,1
SDAK,20231128,20231128,1
FAMILY,20241210,20241210,1
Rutgers-Newark,20151113,20151113,1
Ryerson,20160112,20160112,1
SAGU,20231216,20231216,1
SAGV,20231215,20231215,1
SC,20231128,20231128,1
SCARST,20231128,20231128,1
Embry‚ÄìRiddle (AZ),20220105,20220105,1
FLMEM,20231222,20231222,1
SEAPAC,20241113,20241113,1
SELOU,20231128,20231128,1
SHRE,20231230,20231230,1
SILL,20231128,20231128,1
Elms,20181113,20181113,1
SMSP,20231111,20231111,1
Elmhurst,20131221,20131221,1
Rochester,20221108,20221108,1
FLOR,20241114,20241114,1
Francis Marion,20151230,20151230,1
ROBWES,20231115,20231115,1
Framingham State,20221128,20221128,1
QNS,20240122,20240122,1
Florida Southern,20111116,20111116,1
Findlay,20181216,20181216,1
RAND,20241104,20241104,1
RANM,20241119,20241119,1
RIDER,20231128,20231128,1
ROCKY,20231130,20231130,1
FRANK,20241108,20241108,1
ROGERS,20241125,20241125,1
RUR,20241229,20241229,1
FURMAN,20231128,20231128,1
FUDF,20231206,20231206,1
FRSTBG,20241104,20241104,1
Rhode Island College,20201205,20201205,1
FRANKP,20241112,20241112,1
SPBMTD,20241228,20241228,1
